,code,name,industry,area,pe,outstanding,totals,totalAssets,liquidAssets,fixedAssets,reserved,reservedPerShare,esp,bvps,pb,timeToMarket,undp,perundp,rev,profit,gpr,npr,holders
43,601231,环旭电子,元器件,上海,28.92,21.76,21.76,1666218.38,1447613.5,158077.42,162849.27,0.75,0.396,3.76,4.06,20120220,409641.44,1.88,22.48,62.26,11.2,4.27,31346.0
57,600295,鄂尔多斯,小金属,内蒙,35.88,6.12,10.32,4910733.0,1840357.0,2170156.75,130646.86,1.27,0.351,7.35,2.29,20010426,470609.59,4.56,36.19,93.61,26.9,2.36,78663.0
76,600787,中储股份,仓储物流,天津,15.41,18.6,22.0,2073895.75,1113647.0,197384.67,356935.0,1.62,0.55,4.77,2.37,19970121,354720.97,1.61,98.58,180.87,4.18,6.28,74929.0
102,600803,新奥股份,农药化肥,河北,31.17,9.86,9.86,2020170.0,547034.0,512129.91,-19058.82,-0.19,0.39,4.96,3.26,19940103,386100.22,3.92,75.4,97.02,25.85,5.48,34804.0
104,600515,海航基础,百货,海南,27.37,16.58,39.08,9045662.0,5247626.5,776273.0,2459795.25,6.29,0.384,8.24,1.7,20020806,308863.31,0.79,38.89,113.86,41.38,19.49,20926.0
111,600282,南钢股份,普钢,江苏,8.26,38.76,44.09,3800432.0,1415680.63,2104298.25,175370.88,0.4,0.464,2.36,2.16,20000919,348252.13,0.79,53.13,799.15,14.61,7.56,141912.0
142,600745,闻泰科技,通信设备,湖北,56.66,4.83,6.37,1212884.13,878732.13,107582.47,237585.41,3.73,0.442,5.48,6.1,19960828,43358.05,0.68,47.87,743.6,8.15,2.24,20858.0
160,601012,隆基股份,半导体,陕西,22.69,19.66,19.96,2948550.25,1579984.5,1019841.5,541435.13,2.71,1.123,6.09,5.57,20120411,472479.34,2.37,27.23,103.99,34.99,20.66,54104.0
168,600844,*ST丹科,化工原料,上海,57.07,8.23,10.17,356770.38,60524.05,169094.88,176197.75,1.73,0.073,1.9,2.91,19940311,-90464.03,-0.89,62.78,169.8,37.53,8.74,40040.0
176,600188,兖州煤业,煤炭开采,山东,10.11,29.6,49.12,18878752.0,6212727.0,3937975.25,176830.41,0.36,0.974,8.87,1.48,19980701,3552271.25,7.23,84.04,369.88,13.36,4.01,56494.0
177,601233,桐昆股份,化纤,浙江,17.53,12.05,13.01,2288708.75,655816.13,978688.63,551884.5,4.24,0.93,9.56,2.16,20110518,459372.94,3.53,31.63,104.98,9.75,4.92,28262.0
188,600331,宏达股份,铅锌,四川,35.61,20.32,20.32,986060.88,332683.19,314799.94,307823.06,1.51,0.106,2.43,2.08,20011220,-35094.68,-0.17,29.56,317.29,27.82,6.31,80632.0
198,603040,新坐标,机械基件,浙江,44.63,0.15,0.61,62574.25,43566.53,14319.82,27018.01,4.42,1.3,9.61,7.44,20170209,23133.7,3.79,88.18,120.1,63.49,38.85,5070.0
222,600782,新钢股份,普钢,江西,11.62,27.87,31.89,2838560.0,1611865.75,1021089.38,428630.19,1.34,0.49,3.55,1.88,19961225,252318.7,0.79,65.61,398.36,7.54,3.87,60549.0
230,600507,方大特钢,特种钢,江西,9.32,13.26,13.26,1041598.81,631472.31,212407.2,4625.16,0.03,1.161,2.91,4.96,20030930,204533.25,1.54,67.8,232.56,29.44,15.2,72007.0
235,603588,高能环境,环境保护,北京,48.04,4.89,6.62,545736.44,240162.05,30511.35,58646.78,0.89,0.195,3.19,3.93,20141229,89397.43,1.35,71.19,71.89,27.84,8.52,22094.0
258,600667,太极实业,半导体,江苏,45.11,11.91,21.06,1726048.38,1028944.81,502782.56,325909.5,1.55,0.141,2.88,2.95,19930728,63162.07,0.3,28.61,123.22,14.12,3.58,72535.0
263,600283,钱江水利,水务,浙江,55.36,3.36,3.53,495800.06,111021.55,228187.97,116163.15,3.29,0.174,5.11,2.51,20001018,15323.47,0.43,22.01,133.74,40.92,8.47,35778.0
265,603993,洛阳钼业,小金属,河南,66.63,129.54,215.99,10020716.0,3879243.5,2492202.25,2763653.0,1.28,0.09,1.73,3.82,20121009,452227.69,0.21,406.47,174.98,35.33,9.06,271587.0
277,600260,凯乐科技,通信设备,湖北,29.25,5.39,7.09,1674883.25,1403519.25,73469.25,211148.47,2.98,0.77,6.33,4.52,20000706,138505.06,1.95,104.44,360.35,11.9,4.6,29221.0
293,600183,生益科技,元器件,广东,19.38,14.56,14.56,1078938.38,653243.63,352075.59,127586.21,0.88,0.56,3.75,3.82,19981028,206038.02,1.42,26.5,61.32,22.06,10.44,55847.0
307,600720,祁连山,水泥,甘肃,10.84,7.76,7.76,1036219.19,249589.67,626948.06,134124.81,1.73,0.747,6.92,1.56,19960716,266734.13,3.44,21.99,184.52,31.63,12.53,58244.0
314,603808,歌力思,服饰,深圳,26.26,1.13,3.37,324831.41,149185.27,20417.93,107326.65,3.18,0.61,5.82,3.61,20150422,65636.18,1.95,101.91,124.25,69.77,14.66,10985.0
317,600258,首旅酒店,酒店餐饮,北京,28.26,2.79,8.16,1718725.75,214291.16,254155.47,489234.94,6.0,0.73,8.9,2.86,20000601,131734.38,1.61,40.15,250.87,94.6,8.72,15326.0
355,600701,工大高新,综合类,黑龙江,37.46,7.76,10.35,951440.0,465946.44,218297.0,278449.72,2.69,0.212,4.27,2.48,19960528,46107.19,0.45,223.0,1539.04,27.05,7.97,58008.0
359,603030,全筑股份,装修装饰,上海,67.8,2.45,5.39,531907.06,461721.56,45559.01,50187.39,0.93,0.09,2.81,2.91,20150320,43155.68,0.8,35.06,61.93,10.96,1.62,20788.0
362,603416,信捷电气,电气设备,江苏,33.37,0.35,1.41,104297.21,84806.56,5901.37,36960.89,2.63,0.697,6.44,4.82,20161221,35958.43,2.56,37.71,52.23,44.03,28.91,11057.0
380,600651,飞乐音响,电器仪表,上海,14.55,7.69,9.92,1561411.75,898179.31,125748.05,151194.47,1.52,0.526,4.0,2.56,19901219,140119.48,1.41,20.65,374.6,25.89,8.68,67087.0
391,603002,宏昌电子,化工原料,广东,78.53,6.06,6.14,159757.44,99200.1,17087.18,9851.33,0.16,0.06,1.72,3.65,20120518,29826.26,0.49,22.97,93.11,12.59,4.5,33567.0
409,603338,浙江鼎力,专用机械,浙江,41.84,0.46,1.77,176783.7,113657.5,21053.56,38886.46,2.2,1.4,7.91,9.07,20150325,66883.84,3.78,74.15,70.28,42.92,26.27,8361.0
417,600449,宁夏建材,水泥,宁夏,14.73,4.78,4.78,744626.5,255352.38,428071.31,203367.38,4.25,0.6,9.42,1.25,20030829,179191.88,3.75,27.48,224.52,30.1,8.35,33650.0
428,600133,东湖高新,园区开发,湖北,5.97,5.38,6.34,2177801.75,1589976.0,91217.18,54477.85,0.86,1.158,4.11,2.24,19980212,116914.02,1.84,58.9,2158.81,12.76,15.51,101512.0
447,603239,浙江仙通,汽车配件,浙江,31.42,0.68,2.71,109168.35,77141.96,23693.23,30109.5,1.11,0.449,3.49,5.39,20161230,32984.4,1.22,32.74,51.93,44.09,24.54,14722.0
458,603660,苏州科达,通信设备,江苏,62.9,1.7,2.5,161012.95,137074.05,8572.37,33548.4,1.34,0.406,4.88,6.99,20161201,62557.61,2.5,25.38,329.51,68.42,9.34,13328.0
475,601225,陕西煤业,煤炭开采,陕西,7.44,100.0,100.0,10287576.0,2963591.25,2892447.75,738916.13,0.74,0.807,4.24,1.89,20140128,2135405.75,2.14,94.06,686.13,54.23,20.48,65631.0
485,600338,西藏珠峰,铅锌,西藏,25.28,1.58,6.53,259307.97,143340.13,87635.71,2236.43,0.03,1.262,2.22,19.2,20001227,132532.36,2.03,66.49,83.52,71.54,46.5,12887.0
486,600581,八一钢铁,普钢,新疆,9.69,7.66,7.66,1381420.38,765203.56,594910.44,410865.09,5.36,1.129,4.0,3.65,20020816,-261744.47,-3.42,82.47,256.8,14.38,6.88,67721.0
487,603319,湘油泵,汽车配件,湖南,26.75,0.57,0.81,103968.28,56647.55,32718.15,20237.7,2.5,0.83,8.07,3.67,20161130,32774.5,4.05,49.61,87.57,31.64,11.62,9044.0
493,603788,宁波高发,汽车配件,浙江,25.89,0.5,1.64,213714.8,185988.06,14829.51,122453.06,7.45,1.2,10.71,3.32,20150120,35026.8,2.13,43.03,51.37,33.89,19.69,10146.0
495,600809,山西汾酒,白酒,山西,41.21,8.66,8.66,857578.38,590207.38,165889.47,24220.68,0.28,0.93,5.89,8.68,19940106,346454.78,4.0,42.8,78.54,69.39,16.59,31945.0
504,600231,凌钢股份,普钢,辽宁,10.96,16.08,25.19,1613151.88,609905.44,879360.38,45192.5,0.18,0.395,2.45,2.36,20000511,259201.02,1.03,32.28,7120.69,14.34,7.43,66277.0
508,600348,阳泉煤业,煤炭开采,山西,10.93,24.05,24.05,4051165.25,1260601.0,1392117.25,0.0,0.0,0.483,6.26,1.12,20030821,881283.63,3.66,81.31,813.99,18.33,5.19,101700.0
532,600392,盛和资源,小金属,山西,39.66,9.41,13.5,878951.19,656077.94,55406.48,251877.45,1.87,0.32,3.76,4.15,20030529,113773.22,0.84,644.32,699.24,19.9,10.03,97073.0
535,603869,北部湾旅,旅游服务,广西,29.48,1.12,3.49,591425.0,330391.94,81543.71,278256.69,7.98,0.548,10.51,2.05,20150326,48989.8,1.4,322.08,104.0,40.49,11.7,18563.0
559,601155,新城控股,区域地产,江苏,21.98,7.19,22.58,14881909.0,11512606.0,212237.77,260403.63,1.15,0.9,7.15,3.62,20151204,1146672.88,5.08,42.33,125.59,37.38,11.82,45312.0
612,600497,驰宏锌锗,铅锌,云南,30.63,43.1,50.91,3296117.25,525080.44,1165555.75,515882.31,1.01,0.2,2.21,3.12,20040420,-11274.55,-0.02,33.68,1105.91,17.9,6.11,208155.0
660,600636,*ST爱富,化工原料,上海,37.23,4.26,4.47,505800.69,250760.63,137403.94,149913.05,3.35,0.27,5.82,2.3,19930316,56670.5,1.27,29.19,164.44,16.66,2.91,43452.0
683,600308,华泰股份,造纸,山东,11.46,11.68,11.68,1426486.25,551941.0,723817.69,224376.7,1.92,0.414,5.94,1.06,20000928,299242.0,2.56,32.17,305.1,15.44,4.88,69870.0
687,600438,通威股份,饲料,四川,20.46,22.84,38.82,2513550.0,836245.06,1082841.25,572220.81,1.47,0.394,3.32,3.24,20040302,305053.66,0.79,24.95,69.53,18.74,7.79,41474.0
688,603726,朗迪集团,机械基件,浙江,25.04,0.24,0.95,125084.27,80226.93,36609.71,21133.47,2.23,0.922,8.36,3.68,20160421,46469.8,4.91,72.45,75.42,24.14,9.21,10202.0
721,600619,海立股份,机械基件,上海,38.14,4.61,8.66,1332957.75,829910.69,351294.75,209972.8,2.42,0.228,4.73,2.46,19921116,85735.93,0.99,50.61,261.89,13.87,2.49,61375.0
754,600217,中再资环,环境保护,陕西,51.84,7.2,14.11,461800.81,379568.72,46281.28,-2423.13,-0.02,0.106,1.14,6.41,19991216,69896.38,0.5,69.71,145.89,48.38,9.61,38987.0
762,600758,红阳能源,煤炭开采,辽宁,15.4,6.76,13.31,1671094.13,732664.88,687946.19,340929.41,2.56,0.357,4.24,1.73,19961029,63661.51,0.48,34.94,255.08,24.21,8.48,83148.0
763,603166,福达股份,汽车配件,广西,35.23,5.92,5.92,320768.19,137748.02,155020.25,103397.56,1.75,0.179,3.51,2.39,20141127,38601.71,0.65,35.58,80.13,24.71,10.91,31362.0
787,600293,三峡新材,玻璃,湖北,25.31,5.17,11.62,677747.38,327576.5,137012.3,203994.27,1.76,0.31,3.13,2.57,20000919,37081.15,0.32,1003.3,1217.91,8.01,3.05,36506.0
816,600567,山鹰纸业,造纸,安徽,10.47,45.51,45.51,2342805.75,947780.63,975940.19,430076.19,0.94,0.314,2.14,2.06,20011218,199647.77,0.44,46.26,591.15,23.14,11.55,233447.0
896,600755,厦门国贸,商贸代理,福建,8.21,17.76,17.76,8192813.0,7161934.5,127737.13,269903.5,1.52,0.8,6.13,1.62,19961003,590626.0,3.32,65.23,104.98,4.75,1.47,163930.0
907,600114,东睦股份,机械基件,浙江,25.57,4.21,4.36,313169.03,138484.8,108045.67,151450.73,3.47,0.5,5.62,2.92,20040511,53448.7,1.22,25.04,92.71,34.85,16.18,16371.0
923,600519,贵州茅台,白酒,贵州,29.57,12.56,12.56,12778004.0,10480329.0,1485118.38,137496.44,1.09,15.908,67.15,9.34,20010827,7327905.5,58.33,59.4,60.31,89.93,47.08,63980.0
932,600410,华胜天成,软件服务,北京,41.79,11.01,11.03,1179189.63,751011.19,47697.64,255920.84,2.32,0.171,4.45,2.15,20040427,109965.47,1.0,25.18,650.01,16.69,4.79,65000.0
937,600019,宝钢股份,普钢,上海,11.93,220.9,221.03,34661280.0,13254327.0,15759142.0,4821146.0,2.18,0.528,7.11,1.18,20001212,5894787.5,2.67,43.12,95.52,10.89,4.63,462744.0
943,600079,人福医药,化学制药,湖北,9.43,10.58,13.54,3541810.75,1529083.0,452726.81,380855.72,2.81,1.46,7.94,2.27,19970606,489673.19,3.62,21.75,211.3,39.12,18.15,44220.0
987,600808,马钢股份,普钢,安徽,9.19,59.68,77.01,6769849.0,2751136.0,3338734.0,834860.63,1.08,0.356,2.92,1.49,19940106,254929.52,0.33,60.24,260.78,11.94,5.18,246569.0
1010,600703,三安光电,半导体,湖北,33.73,40.78,40.78,2459086.25,1069533.0,777871.19,707753.69,1.74,0.583,4.66,5.63,19960528,744970.44,1.83,40.05,58.96,48.34,37.84,52813.0
1022,601238,广汽集团,汽车整车,广东,14.93,43.16,72.83,9184121.0,3809758.5,1085335.63,989218.81,1.36,1.38,7.95,3.08,20120329,3241203.75,4.45,49.44,59.79,23.16,17.44,21380.0
1029,600848,上海临港,园区开发,上海,64.76,4.0,11.2,1239929.88,966894.19,4389.56,423993.44,3.79,0.262,5.71,3.96,19940324,97563.13,0.87,43.95,52.65,52.4,21.13,51214.0
1039,600490,鹏欣资源,铜,上海,50.35,14.79,18.91,758765.19,340698.31,226327.59,337563.97,1.78,0.126,2.95,2.87,20030626,29995.78,0.16,99.37,389.9,11.58,5.89,110475.0
1046,601666,平煤股份,煤炭开采,河南,10.16,23.61,23.61,4231889.0,1570520.63,2250635.0,316825.28,1.34,0.435,5.21,1.13,20061123,462178.25,1.96,70.27,171.66,19.57,6.23,99415.0
1050,600638,新黄浦,区域地产,上海,10.55,5.61,5.61,982794.13,667543.25,55384.23,101560.7,1.81,1.168,7.56,2.17,19930326,228517.45,4.07,54.92,387.2,15.48,45.31,33081.0
1098,600971,恒源煤电,煤炭开采,安徽,7.98,10.0,10.0,1410025.75,639987.63,395475.34,210435.59,2.1,0.952,6.9,1.47,20040817,260015.97,2.6,73.26,713.65,35.28,18.6,47531.0
1122,600708,光明地产,全国地产,上海,14.86,9.89,17.14,5122413.5,4980656.0,30120.8,204986.25,1.2,0.35,5.38,1.29,19960606,512548.0,2.99,42.12,186.21,18.24,5.52,45440.0
1168,600746,江苏索普,化工原料,江苏,28.84,3.05,3.06,72255.36,40137.84,12866.46,6207.23,0.2,0.223,1.62,5.28,19960918,8919.3,0.29,32.59,195.89,20.46,11.43,21472.0
1180,600884,杉杉股份,电气设备,浙江,32.41,8.22,11.23,2078042.75,931037.19,230987.91,295897.72,2.64,0.417,8.22,2.19,19960130,253649.8,2.26,71.83,58.47,23.74,7.04,70256.0
1202,600998,九州通,医药商业,湖北,28.2,16.46,18.79,4757111.5,3995217.25,403650.59,450906.56,2.4,0.59,5.96,3.21,20101102,407756.22,2.17,20.4,108.78,8.2,1.75,21387.0
1216,603799,华友钴业,小金属,浙江,32.8,2.71,5.93,1375890.75,836729.69,328562.84,288167.81,4.86,1.852,8.92,9.08,20150129,169786.27,2.86,76.19,9723.36,33.25,17.86,52412.0
1217,600022,山东钢铁,普钢,山东,17.07,106.89,109.47,5110925.5,1730720.0,1307613.63,809070.13,0.74,0.11,1.56,1.43,20040629,-265848.53,-0.24,21.43,4031.6,6.68,2.44,318775.0
1274,600280,中央商场,百货,江苏,29.37,11.48,11.48,1598024.88,1243061.63,255309.66,1277.0,0.01,0.237,1.71,5.42,20000926,33828.07,0.29,43.73,240.1,23.83,4.21,57371.0
1277,603698,航天工程,专用机械,北京,36.3,0.89,4.12,381475.13,253883.17,65356.56,105933.5,2.57,0.416,5.99,3.36,20150128,86824.5,2.11,23.79,295.29,34.88,23.65,27476.0
1297,601717,郑煤机,工程机械,河南,28.95,13.78,17.32,1687148.38,1169585.88,256245.55,430338.41,2.48,0.19,6.27,1.13,20100803,418658.28,2.42,94.18,149.06,21.51,5.97,49321.0
1314,600883,博闻科技,水泥,云南,42.31,2.36,2.36,70893.9,40069.06,1375.32,824.22,0.03,0.184,2.86,3.63,19951208,29266.51,1.24,61.76,94.97,7.83,270.67,15967.0
1319,600980,北矿科技,元器件,北京,56.36,1.43,1.52,79929.63,54071.98,19102.68,27358.99,1.8,0.203,3.62,4.21,20040512,9074.26,0.6,49.59,70.77,29.79,9.46,27900.0
1331,600693,东百集团,百货,福建,51.51,6.85,8.98,653743.13,423280.19,68565.55,12741.26,0.14,0.154,2.28,4.63,19931122,84084.99,0.94,119.44,1606.07,19.74,5.16,13434.0
1366,601127,小康股份,汽车配件,重庆,27.84,1.8,9.09,2238655.5,1444912.88,285681.28,124380.07,1.37,0.55,4.48,4.47,20160615,191558.48,2.11,42.24,68.76,21.25,3.38,51406.0
1375,600815,*ST厦工,工程机械,福建,27.66,9.59,9.59,723271.44,539736.31,69866.92,205703.02,2.15,0.114,0.55,7.57,19940128,-275724.47,-2.88,35.52,120.75,9.92,3.27,50659.0
1378,600997,开滦股份,煤炭开采,河北,21.35,12.35,15.88,2340935.0,1004064.88,945103.38,256677.59,1.62,0.206,5.78,1.02,20040602,382132.13,2.41,84.99,60.63,9.91,2.31,64475.0
1383,601678,滨化股份,化工原料,山东,12.07,11.88,11.88,753735.69,167514.67,355298.97,127384.57,1.07,0.471,4.59,1.65,20100223,252899.8,2.13,36.8,300.82,26.78,12.2,46204.0
1390,600010,包钢股份,普钢,内蒙,61.98,220.39,455.85,14440730.0,3761919.25,6311459.0,139903.02,0.03,0.031,1.07,2.39,20010309,57339.48,0.01,74.39,497.81,15.15,4.03,505738.0
1394,600982,宁波热电,供气供热,浙江,25.73,7.47,7.47,407090.84,222107.55,81721.31,104906.63,1.4,0.124,3.35,1.27,20040706,54522.55,0.73,59.4,79.26,13.62,7.21,45321.0
1403,601001,大同煤业,煤炭开采,山西,11.47,16.74,16.74,2701883.0,1113434.38,514187.75,112711.22,0.67,0.392,3.4,1.76,20060623,101300.18,0.61,51.57,154.31,59.35,9.33,99278.0
1423,600586,金晶科技,玻璃,山东,28.04,14.34,14.58,978013.31,273805.06,481443.81,194863.66,1.34,0.117,2.89,1.51,20020815,74823.3,0.51,20.42,300.5,23.45,5.81,89907.0
1474,600798,宁波海运,水运,浙江,41.32,10.31,10.31,634804.31,48218.37,225885.2,116821.22,1.13,0.098,2.7,2.01,19970423,35972.85,0.35,39.9,85.51,25.1,8.62,87615.0
1534,600322,天房发展,区域地产,天津,30.52,11.06,11.06,3757897.25,3573770.0,9590.17,220524.2,1.99,0.164,3.93,1.7,20010910,73791.96,0.67,63.05,167.34,26.48,6.24,76002.0
1552,601101,昊华能源,煤炭开采,北京,11.11,12.0,12.0,2033147.75,342893.38,558562.19,323487.13,2.7,0.524,6.06,1.28,20100331,190061.38,1.58,50.08,643.64,41.17,13.97,56782.0
1561,603601,再升科技,玻璃,重庆,49.53,2.13,3.86,205011.44,100408.2,32409.96,60365.61,1.56,0.208,3.02,4.55,20150122,15540.34,0.4,81.86,65.32,39.32,19.44,23719.0
1567,601388,怡球资源,铝,江苏,24.66,20.25,20.25,452737.91,322734.41,110621.01,10885.42,0.05,0.12,1.19,3.31,20120423,37685.05,0.19,52.46,3847.48,11.24,6.15,77607.0
1572,603599,广信股份,农药化肥,安徽,17.48,1.36,3.76,360943.97,191833.23,114024.42,84564.82,2.25,0.759,7.11,2.49,20150513,127981.77,3.4,61.84,96.72,30.76,15.71,21112.0
1589,600382,广东明珠,商贸代理,广东,18.46,3.42,4.67,777445.25,542717.19,5559.62,194872.05,4.17,0.524,10.73,1.2,20010118,239683.8,5.13,149.68,70.09,88.93,61.62,27326.0
1594,600173,卧龙地产,全国地产,浙江,14.55,7.25,7.25,552479.56,469292.81,870.12,1294.31,0.02,0.308,2.56,2.33,19990415,94253.06,1.3,20.76,268.24,38.08,21.12,36094.0
1607,600508,上海能源,煤炭开采,上海,10.56,7.23,7.23,1423085.38,298966.91,535548.63,91517.17,1.27,0.86,12.53,0.97,20010829,682193.0,9.44,33.73,108.54,38.38,12.99,48944.0
1612,600160,巨化股份,化工原料,浙江,19.88,20.45,21.12,1335084.63,669780.69,484855.44,534529.19,2.53,0.383,5.17,1.96,19980626,290812.34,1.38,36.03,1042.98,19.88,8.06,73362.0
1648,600326,西藏天路,建筑施工,西藏,18.57,8.65,8.65,743955.5,405344.81,245383.05,80400.8,0.93,0.45,3.08,3.05,20010116,90031.56,1.04,30.16,92.45,31.11,12.96,118987.0
1672,600123,兰花科创,煤炭开采,山西,9.79,11.42,11.42,2734333.5,781472.94,712579.19,27067.93,0.24,0.65,8.26,1.03,19981217,600317.63,5.25,108.78,416.64,36.11,12.51,68981.0
1720,600549,厦门钨业,小金属,福建,31.92,8.87,10.87,1818278.75,966455.5,527476.38,333587.84,3.07,0.541,6.32,3.64,20021107,205164.69,1.89,79.73,283.85,22.81,5.79,89765.0
1762,600779,水井坊,白酒,四川,70.75,4.89,4.89,247325.38,181354.06,42349.55,39950.6,0.82,0.498,3.05,15.43,19961206,24450.48,0.5,85.18,63.22,78.88,16.54,29572.0
1772,603167,渤海轮渡,水运,山东,11.61,4.81,4.81,408563.81,75527.61,327375.75,106257.17,2.21,0.744,6.72,1.71,20120906,145052.27,3.01,29.74,58.89,37.11,31.3,33739.0
1777,600673,东阳光科,铝,广东,39.54,24.57,24.69,1251651.0,491206.75,414112.81,13901.63,0.06,0.131,1.62,4.27,19930917,128009.05,0.52,42.69,359.31,19.12,5.97,100943.0
1778,600459,贵研铂业,小金属,云南,48.49,2.61,2.61,507567.31,400035.63,74149.56,116742.17,4.47,0.34,7.33,3.0,20030516,40720.26,1.56,50.37,55.62,2.56,0.79,38084.0
1784,600126,杭钢股份,普钢,浙江,11.4,9.27,25.98,2476663.0,973271.19,999264.69,1104733.0,4.25,0.458,6.14,1.13,19980311,177539.52,0.68,45.91,124.92,8.84,5.81,45320.0
1791,600711,盛屯矿业,小金属,福建,24.28,14.97,14.97,1138333.88,621505.75,71416.65,198666.81,1.33,0.253,2.91,2.81,19960531,84315.6,0.56,51.15,223.1,7.16,2.97,117042.0
1795,601020,华钰矿业,铅锌,西藏,38.31,2.83,5.26,282479.69,55946.86,68917.82,36697.71,0.7,0.393,3.24,6.2,20160316,71084.15,1.35,40.23,95.05,65.12,37.14,34809.0
1804,600403,*ST大有,煤炭开采,河南,20.59,23.91,23.91,1541595.75,586950.75,679649.69,32854.75,0.14,0.173,2.93,1.62,20031009,368973.47,1.54,103.18,132.17,35.28,7.73,22465.0
1811,601216,君正集团,化工原料,内蒙,18.87,84.38,84.38,2076141.25,668039.88,690280.19,27427.05,0.03,0.191,1.8,2.67,20110222,613820.38,0.73,41.41,62.4,41.62,29.14,126519.0
1837,600155,宝硕股份,证券,河北,63.7,11.28,17.4,4179352.5,3035361.75,23636.35,1372260.38,7.89,0.13,8.67,1.28,19980918,-42327.95,-0.24,25.79,2950.0,32.17,69.78,52068.0
1851,603737,三棵树,染料涂料,福建,59.28,0.33,1.02,197130.84,101257.24,38600.2,32144.93,3.15,0.9,10.27,6.78,20160603,55790.43,5.46,40.68,72.19,40.08,5.24,9867.0
1866,600256,广汇能源,石油开采,新疆,79.57,52.21,52.21,4489483.0,469766.69,1449111.5,70263.65,0.13,0.048,2.14,2.36,20000526,437659.31,0.84,62.05,50.77,32.99,5.34,179223.0
1872,603025,大豪科技,电脑设备,北京,33.07,0.51,4.51,193013.55,146254.86,13342.05,55679.26,1.24,0.659,3.79,7.67,20150422,57396.45,1.27,55.49,83.73,52.81,38.38,19322.0
1882,600358,国旅联合,旅游服务,江苏,51.88,4.32,5.05,82735.9,51763.25,2817.86,35233.15,0.7,0.092,1.08,5.88,20000922,-30912.84,-0.61,181.4,189.83,36.03,28.06,52192.0
1902,600577,精达股份,电气设备,安徽,21.85,19.55,19.55,579696.94,413629.97,88434.84,2283.4,0.01,0.134,1.5,2.61,20020911,79976.21,0.41,38.27,52.18,11.19,3.21,140505.0
1935,600395,盘江股份,煤炭开采,贵州,12.81,16.55,16.55,1214605.5,422778.41,276751.53,242938.8,1.47,0.389,4.03,1.65,20010531,135417.3,0.82,75.74,739.33,33.68,14.81,55137.0
1950,600793,宜宾纸业,造纸,四川,17.98,1.05,1.05,365046.34,65262.05,198098.56,10537.1,1.0,0.956,1.46,15.68,19970220,-6045.06,-0.57,267.47,315.86,7.91,13.32,10500.0
1960,600710,ST常林,工程机械,江苏,24.46,6.4,13.07,4198200.5,3404250.75,563620.5,124902.45,0.96,0.209,2.99,2.28,19960701,114038.42,0.87,66.95,11581.42,5.69,0.53,37652.0
1989,600665,天地源,全国地产,上海,16.56,8.64,8.64,2024632.38,1956078.25,14156.72,20109.34,0.23,0.193,3.42,1.25,19930709,158515.8,1.83,81.19,198.12,19.24,6.3,48499.0
2011,600409,三友化工,化工原料,河北,10.7,18.5,20.64,2361229.5,687980.75,1334130.25,354488.22,1.72,0.76,4.65,2.18,20030618,367263.28,1.78,32.61,156.71,27.28,9.82,65499.0
2022,600279,重庆港九,港口,重庆,27.17,6.93,6.93,880479.63,297902.22,367416.84,210796.75,3.04,0.161,4.81,1.22,20000731,46628.4,0.67,333.32,81.06,7.39,2.16,49380.0
2049,600088,中视传媒,影视音像,上海,50.75,3.31,3.31,139084.66,94251.99,35667.09,31993.48,0.97,0.2,3.24,4.17,19970616,29466.86,0.89,47.67,622.09,28.43,13.42,22060.0
2053,601222,林洋能源,电器仪表,江苏,21.82,17.43,17.64,1387712.5,493097.94,725729.0,456139.41,2.59,0.311,4.88,1.86,20110808,208146.19,1.18,21.06,83.97,38.7,21.76,45178.0
2111,601137,博威合金,铜,浙江,23.18,5.64,6.27,500949.09,266245.41,152074.05,187757.2,2.99,0.369,5.22,2.18,20110127,69875.18,1.11,40.14,77.77,14.48,5.48,18081.0
2123,600020,中原高速,路桥,河南,7.69,22.47,22.47,5218162.0,445569.69,1848535.25,177404.47,0.79,0.36,4.29,1.16,20030808,417546.41,1.86,57.78,69.87,50.04,24.4,104817.0
2137,601011,宝泰隆,焦炭加工,黑龙江,68.98,13.09,16.11,1034219.69,273332.72,179770.47,305539.81,1.9,0.11,3.56,2.36,20110309,90979.71,0.56,81.81,494.94,27.04,7.27,150026.0
2162,603108,润达医疗,医药商业,上海,35.61,2.22,5.8,653180.69,355795.22,67721.18,102557.84,1.77,0.289,3.86,3.56,20150527,59737.0,1.03,102.0,97.67,27.91,5.73,14968.0
2205,600463,空港股份,园区开发,北京,42.0,3.0,3.0,284860.84,169269.13,4315.8,63739.06,2.12,0.196,4.81,2.28,20040318,44018.26,1.47,194.98,134.62,18.99,4.69,21363.0
2207,600351,亚宝药业,中成药,山西,29.26,6.92,7.87,446493.59,187617.63,183589.38,107806.06,1.37,0.188,3.5,2.1,20020926,74633.55,0.95,39.25,115.44,55.41,8.06,60262.0
2221,600135,乐凯胶片,化工原料,河北,45.34,3.68,3.73,218223.97,155902.95,38276.44,89991.36,2.41,0.186,4.55,2.48,19980122,27853.4,0.75,34.55,67.86,18.06,4.89,38957.0
2260,603077,和邦生物,化工原料,四川,38.68,88.31,88.31,1307259.13,366873.06,489165.19,21290.15,0.02,0.039,1.22,1.65,20120731,154866.81,0.18,39.56,85.64,23.75,10.41,141146.0
2264,600737,中粮糖业,食品,新疆,24.58,20.52,20.52,1914967.75,1261385.13,435649.16,414444.03,2.02,0.246,3.37,2.39,19960731,40347.9,0.2,66.05,51.86,15.65,3.53,168718.0
2313,601919,中远海控,水运,天津,18.62,76.36,102.16,13244256.0,4572841.5,4686723.5,2773618.0,2.71,0.268,2.06,3.22,20070626,-1649264.63,-1.61,34.84,129.81,8.62,4.05,324924.0
2371,600516,方大炭素,矿物制品,甘肃,15.95,17.19,17.89,1156291.75,842714.81,144872.88,202290.84,1.13,1.16,4.61,5.2,20020830,415598.28,2.32,206.04,2463.89,74.66,38.61,206494.0
2378,600657,信达地产,全国地产,北京,20.55,15.24,15.24,6754441.5,5861861.5,28533.98,153906.94,1.01,0.2,6.0,0.91,19930524,607633.69,3.99,113.84,77.0,22.74,3.22,54331.0
2388,600487,亨通光电,通信设备,江苏,24.05,12.41,13.6,2700911.25,1937311.0,342140.59,349242.75,2.57,1.32,7.47,5.28,20030822,496506.56,3.65,41.4,59.48,21.16,8.78,83208.0
2399,600500,中化国际,商贸代理,上海,35.17,20.83,20.83,4997426.5,2297894.75,1121229.63,447979.94,2.15,0.185,5.51,1.57,20000301,458295.59,2.2,21.09,105.12,12.81,1.1,72254.0
2443,600393,粤泰股份,全国地产,广东,10.45,9.88,25.36,1758450.63,1612380.88,19869.07,207168.55,0.82,0.47,2.33,2.81,20010319,121130.9,0.48,777.46,1428.85,46.59,23.68,28860.0
2450,600531,豫光金铅,铅锌,河南,34.94,8.86,10.9,1033090.13,767481.31,207894.94,145388.75,1.33,0.144,2.87,2.34,20020730,44007.76,0.4,29.92,159.4,4.78,1.29,97048.0
2458,601016,节能风电,新型电力,北京,38.3,41.56,41.56,2002778.75,334222.38,1207042.38,117248.17,0.28,0.068,1.58,2.2,20140929,112288.4,0.27,27.18,112.09,50.14,21.32,112576.0
2505,600090,同济堂,医药商业,新疆,22.45,7.03,14.4,715733.38,488445.0,103391.68,258966.13,1.8,0.279,3.97,2.11,19970616,236318.55,1.64,23.1,62.39,15.02,5.79,44684.0
2506,600585,海螺水泥,水泥,安徽,11.94,40.0,52.99,11652647.0,4026500.75,6060501.5,1057638.25,2.0,1.851,15.74,1.87,20020207,6454382.5,12.18,31.86,64.34,32.44,19.6,67490.0
2532,600592,龙溪股份,机械基件,福建,48.27,4.0,4.0,279564.47,142516.27,57794.25,69608.56,1.74,0.145,4.84,1.93,20020805,44726.42,1.12,55.03,1437.96,26.6,8.55,31825.0
2555,601699,潞安环能,煤炭开采,山西,12.03,29.91,29.91,6240763.5,2747333.5,1831178.0,143935.84,0.48,0.636,6.88,1.48,20060922,1087720.5,3.64,112.08,2005.89,35.44,11.21,93087.0
2561,600862,中航高科,航空,江苏,41.25,7.9,13.93,792010.38,556001.5,112661.05,144312.66,1.04,0.19,2.62,3.99,19940520,52323.3,0.38,35.62,244.24,24.75,11.42,64748.0
2575,601588,北辰实业,区域地产,北京,16.81,26.6,33.67,7686209.5,6732945.0,237486.47,364889.72,1.08,0.248,3.65,1.52,20061016,447126.81,1.33,39.12,96.83,32.14,8.27,165282.0
2590,601898,中煤能源,煤炭开采,北京,23.92,91.52,132.59,24788530.0,5038097.5,8792802.0,3810614.5,2.87,0.183,6.69,0.87,20080201,3101914.0,2.34,44.12,172.18,34.33,4.07,181432.0
2629,601857,中国石油,石油开采,北京,63.72,1619.22,1830.21,244611104.0,48040900.0,66939000.0,12879500.0,0.7,0.095,6.52,1.24,20071105,70393400.0,3.85,26.71,907.08,20.86,1.19,541318.0
2637,600738,兰州民百,百货,甘肃,45.52,3.68,7.83,481122.59,186285.8,32255.8,38846.9,0.5,0.14,2.3,3.7,19960802,55773.38,0.71,33.92,100.75,33.64,10.68,22153.0
2646,600070,浙江富润,纺织,浙江,27.92,3.57,5.22,360995.47,154328.59,38052.37,109557.52,2.1,0.25,4.36,2.14,19970604,21768.25,0.42,122.77,2131.84,20.28,9.63,22709.0
2648,600545,卓郎智能,纺织机械,新疆,29.21,6.76,18.95,1496278.13,1182525.63,84462.0,0.0,0.0,0.35,1.44,6.48,20031203,91350.1,0.48,41.34,71.86,27.7,7.47,103903.0
2688,603986,兆易创新,半导体,北京,73.05,1.47,2.03,213397.97,169092.52,9192.86,70451.22,3.48,1.7,7.91,20.62,20160818,73909.36,3.65,44.69,134.74,38.57,22.38,16098.0
2697,603429,集友股份,广告包装,安徽,60.41,0.34,1.36,70499.32,46617.48,13699.05,20350.46,1.5,0.53,3.7,11.31,20170124,15681.4,1.15,27.11,112.13,54.35,43.88,4261.0
2710,601600,中国铝业,铝,北京,66.71,109.6,149.04,19003312.0,6279241.0,7934880.0,1763243.0,1.18,0.091,2.4,3.37,20070430,-319179.09,-0.21,52.46,990.86,7.73,0.97,485175.0
2715,601006,大秦铁路,铁路,山西,8.9,148.67,148.67,12906953.0,2773182.25,6869881.5,2473709.25,1.66,0.756,6.55,1.37,20060801,4758561.0,3.2,32.13,118.37,31.59,26.92,151119.0
2717,601003,柳钢股份,普钢,广西,12.22,25.63,25.63,2337349.5,1341343.63,947053.81,20843.6,0.08,0.49,2.27,3.52,20070227,206345.8,0.81,60.64,915.49,6.31,4.2,76045.0
2718,601002,晋亿实业,机械基件,浙江,44.27,7.93,7.93,437913.41,287774.16,115191.36,110231.45,1.39,0.17,3.1,3.23,20070126,39668.57,0.5,29.41,203.95,24.04,6.37,87296.0
2760,600328,兰太实业,化工原料,内蒙,21.63,4.38,4.38,690826.63,172616.05,381357.47,101859.02,2.33,0.436,4.99,2.53,20001222,61314.03,1.4,38.2,216.93,39.35,7.79,38715.0
2762,600309,万华化学,化工原料,山东,9.96,25.95,27.34,6275300.0,2369630.25,2687574.5,239298.34,0.88,2.87,8.76,4.33,20010105,1724007.75,6.31,86.14,212.41,39.01,20.05,103648.0
2769,600242,中昌数据,软件服务,广东,66.05,2.85,4.57,283821.84,108203.11,82.33,209817.09,4.59,0.21,4.27,4.04,20001207,-63491.68,-1.39,104.35,1513.44,13.13,6.19,27575.0
2771,600230,沧州大化,农药化肥,河北,10.91,2.94,2.94,443183.44,182274.09,214020.91,64217.56,2.18,3.28,8.3,5.74,20000406,129972.82,4.42,70.64,1066.43,54.82,30.84,43132.0
2784,600110,诺德股份,电气设备,吉林,56.07,11.5,11.5,611417.63,290704.16,190480.11,67884.28,0.59,0.142,1.77,6.02,19971007,13408.92,0.12,71.93,501.32,23.35,6.86,94926.0
3001,600480,凌云股份,汽车配件,河北,19.02,3.62,4.55,1210063.63,757838.88,223227.34,177875.5,3.91,0.638,8.28,1.95,20030815,142506.86,3.13,35.86,54.86,19.79,3.4,60180.0
3002,603399,新华龙,小金属,辽宁,69.29,4.99,5.43,359246.19,200052.23,38596.69,168338.56,3.1,0.18,3.59,4.42,20120824,9684.51,0.18,54.88,255.61,8.46,6.15,20139.0
3048,600325,华发股份,区域地产,广东,13.28,19.14,21.18,13346109.0,12576668.0,83527.81,428180.44,2.02,0.409,5.83,1.24,20040225,541314.63,2.56,65.3,128.03,24.07,6.8,58867.0
3099,600190,锦州港,港口,辽宁,72.05,17.79,20.02,1589854.38,364327.44,861372.69,266351.25,1.33,0.043,2.98,1.37,19990609,91928.96,0.46,46.64,113.62,12.74,2.72,111805.0
3157,600801,华新水泥,水泥,湖北,16.82,9.73,14.98,2935200.5,789854.69,1591451.38,251120.3,1.68,0.701,7.26,2.16,19940103,629597.56,4.2,56.6,552.79,26.35,7.32,65841.0
3215,603299,井神股份,化工原料,江苏,38.8,2.79,5.59,434796.0,135192.73,235711.77,88246.36,1.58,0.21,3.7,2.93,20151231,56145.98,1.0,31.63,2259.04,29.96,6.13,55515.0
3249,601088,中国神华,煤炭开采,北京,9.15,164.91,198.9,56003400.0,12097900.0,30580700.0,7472900.0,3.76,1.792,14.69,1.49,20071009,17336300.0,8.72,46.26,105.98,41.69,19.53,204189.0
3265,600658,电子城,园区开发,北京,33.35,7.99,7.99,951444.31,851187.0,12444.67,281088.78,3.52,0.25,7.57,1.47,19930524,222061.84,2.78,29.25,53.19,55.65,27.43,14833.0
3273,603165,荣晟环保,造纸,浙江,21.87,0.32,1.27,120759.75,69303.45,40023.37,27343.85,2.16,2.24,7.48,8.5,20170117,50045.8,3.95,132.31,284.12,24.2,18.54,11910.0
3375,603638,艾迪精密,专用机械,山东,42.41,0.44,1.76,92526.3,37850.76,32306.44,35418.55,2.01,0.6,4.57,7.21,20170120,24229.65,1.38,60.55,78.49,43.05,21.79,11753.0
3378,601015,陕西黑猫,焦炭加工,陕西,53.76,4.44,12.54,1092577.88,483075.16,353750.81,64488.21,0.51,0.18,3.12,3.08,20141105,120160.97,0.96,114.05,137.46,9.56,2.18,49355.0
3387,600699,均胜电子,汽车配件,浙江,28.05,6.89,9.49,3340320.5,1396202.38,601910.06,1011184.38,10.65,0.934,14.09,2.48,19931206,239769.02,2.53,65.46,119.78,17.15,4.57,46530.0
3392,600466,蓝光发展,区域地产,四川,25.57,8.83,21.34,9323756.0,8361430.5,107743.82,138724.16,0.65,0.22,4.32,2.02,20010212,499685.31,2.34,28.28,161.81,25.15,5.03,65870.0
3425,601100,恒立液压,工程机械,江苏,44.98,6.3,6.3,593360.38,328732.97,186764.22,208606.77,3.31,0.439,5.94,4.43,20111028,89161.25,1.42,109.51,572.79,31.38,13.63,9552.0
3434,600031,三一重工,工程机械,湖南,27.48,75.94,76.54,5925591.5,3707612.5,1293353.13,84894.2,0.11,0.24,3.26,2.65,20030703,1518948.75,1.98,70.77,932.56,30.13,6.4,423546.0
