,code,name,eps,eps_yoy,bvps,roe,epcf,net_profits,profits_yoy,distrib,report_date
0,300339,润和软件,0.09,-35.71,,1.84,,6529.17,30.58,,08-23
1,300376,易事特,0.14,-54.84,,8.33,,31745.33,106.32,,08-23
2,300513,恒泰实达,0.08,-47.28,,1.77,,970.42,6.6,,08-23
3,002141,贤丰控股,0.0,-75.65,,0.41,,536.46,21.19,,08-23
4,300555,路通视信,0.11,-73.17,3.04,3.45,,2102.18,-14.67,,08-23
5,600461,洪城水业,0.16,-52.94,,3.97,,12484.25,-8.51,,08-23
6,002208,合肥城建,0.1,-56.03,,1.86,,3082.42,-56.03,,08-23
7,002806,华锋股份,0.08,-63.55,,3.06,,1090.71,-18.5,,08-23
8,002259,升达林业,0.01,0.0,,0.53,,889.24,14.17,,08-23
9,002878,元隆雅图,0.61,12.96,,12.87,,3659.44,20.12,,08-23
10,002348,高乐股份,0.03,33.2,,2.43,,3044.19,33.21,,08-23
11,601369,陕鼓动力,0.08,-27.27,,2.16,,13163.79,-26.68,,08-23
12,002528,英飞拓,0.03,-163.48,,0.92,,2639.79,-171.81,,08-23
13,300421,力星股份,0.28,18.61,,3.13,,3644.44,38.21,,08-23
14,603616,韩建河山,-0.1,-54.38,,-3.4,,-2873.41,-8.7,,08-23
15,603816,顾家家居,0.94,14.63,,10.83,,38798.71,42.61,,08-23
16,002329,皇氏集团,0.11,-11.62,,3.21,,8916.99,-11.66,,08-23
17,002357,富临运业,0.2,2.21,,6.1,,6369.45,2.19,,08-23
18,002389,南洋科技,0.08,-11.11,,1.58,,5471.58,-18.18,,08-23
19,300139,晓程科技,0.0,-90.2,,0.06,,80.57,-88.97,,08-23
20,002573,清新环境,0.29,16.0,,8.34,,31570.56,17.44,,08-23
21,603227,雪峰科技,-0.0,-112.5,,-0.21,,-230.65,-122.25,,08-23
22,002058,威尔泰,-0.03,113.33,,-2.49,,-461.04,116.21,,08-23
23,002100,天康生物,0.2,0.0,,7.01,,18975.24,-1.14,,08-23
24,002246,北化股份,0.06,-33.33,,2.07,,2568.91,-33.61,,08-23
25,002871,伟隆股份,0.54,28.57,,8.56,,2890.39,36.42,,08-23
26,300009,安科生物,0.16,1.31,,8.31,,11573.85,35.98,,08-23
27,002337,赛象科技,0.08,-300.0,,3.86,,4660.38,-295.06,,08-23
28,002366,台海核电,0.98,50.77,,21.36,,42581.92,50.4,,08-23
29,002481,双塔食品,0.03,-31.2,,1.65,,4340.33,-33.9,,08-23
30,600122,宏图高科,0.19,57.56,,2.82,,22018.19,58.07,,08-23
31,603018,中设集团,0.58,31.82,,6.18,,12064.61,30.59,,08-23
32,002580,圣阳股份,0.05,-58.33,,1.39,,1663.99,-38.49,,08-23
33,600200,江苏吴中,0.09,1433.33,,2.23,,6613.81,1563.82,,08-23
34,002655,共达电声,0.01,-50.0,,0.73,,472.44,-39.34,,08-23
35,002175,东方网络,0.07,-20.17,,3.43,,5099.81,131.01,,08-23
36,300626,华瑞股份,0.26,23.81,4.54,7.14,,2597.73,67.18,,08-23
37,002232,启明信息,0.01,390.0,,0.57,,602.43,397.52,,08-23
38,002464,金利科技,0.35,9.38,,6.81,,8244.05,77.42,,08-23
39,601368,绿城水务,0.22,45.73,,5.66,,16199.14,45.68,,08-23
40,601595,上海电影,0.29,-34.09,,5.42,,10672.55,-13.1,,08-23
41,300347,泰格医药,0.24,40.71,,6.33,,11962.95,53.07,10派1,08-23
42,002687,乔治白,0.1,-9.09,,3.65,,3591.89,-4.69,,08-23
43,002816,和科达,0.08,-48.42,,1.64,,846.88,-31.25,,08-23
44,002839,张家港行,0.2,0.0,,4.51,,35174.55,5.56,,08-23
45,002861,瀛通通讯,0.44,37.16,,6.1,,4487.93,51.85,,08-23
46,603985,恒润股份,0.76,20.07,,8.91,,4800.02,26.74,,08-23
47,600684,珠江实业,0.32,45.45,,8.53,,22979.56,44.98,,08-23
48,002388,新亚制程,0.13,2500.0,,8.57,,5177.0,2443.11,,08-23
49,603139,康惠制药,0.25,-10.71,,3.2,,2052.7,-3.16,,08-23
50,002646,青青稞酒,0.24,-29.19,,4.2,,10578.13,-29.2,,08-23
51,603226,菲林格尔,0.51,13.33,,9.91,,3323.65,14.61,10派1.8,08-23
52,002056,横店东磁,0.14,-46.0,,5.44,,22178.51,7.23,,08-23
53,002700,新疆浩源,0.09,0.0,,3.99,,3655.89,-7.42,,08-23
54,600444,国机通用,0.07,-181.4,,3.28,,1025.32,-181.54,,08-23
55,603838,四通股份,0.1,-9.09,,4.19,,2769.5,-7.62,,08-23
56,002305,南国置业,0.01,90.91,,0.24,,1099.96,130.03,,08-23
57,000757,浩物股份,0.05,25.0,,3.71,,2164.9,30.18,,08-23
58,002479,富春环保,0.25,61.46,,6.81,,19852.15,61.47,,08-23
59,000911,南宁糖业,-0.22,-64.52,,-4.65,,-7258.36,-63.82,,08-23
60,300566,激智科技,0.3,-6.25,,3.64,,2415.72,25.48,,08-23
61,603696,安记食品,0.14,-12.5,,2.43,,1699.46,-11.33,,08-23
62,600800,天津磁卡,-0.05,-8.94,,-32.49,,-3303.28,-8.87,,08-23
63,601101,昊华能源,0.4,-433.33,,6.95,,48036.21,-436.32,,08-23
64,000767,漳泽电力,-0.2,276.83,,-7.06,,-60052.01,414.02,,08-23
65,002545,东方铁塔,0.06,-24.6,,1.07,,7383.05,27.05,,08-23
66,603598,引力传媒,0.08,14.29,,3.41,,2061.3,5.5,,08-23
67,300617,安靠智电,0.64,-16.77,,5.94,,3916.65,2.13,,08-23
68,002858,力盛赛车,-0.06,-40.1,,-1.68,,-370.2,-19.57,,08-23
69,300161,华中数控,0.02,-108.09,,0.28,,307.97,-108.55,,08-23
70,000728,国元证券,0.17,-34.62,,2.46,,51371.83,0.62,,08-23
71,002073,软控股份,0.07,250.0,,1.35,,6166.97,238.83,,08-23
72,002181,粤传媒,-0.04,-39.75,,-1.33,,-5015.23,-39.79,,08-23
73,002234,民和股份,-0.6,-217.65,,-19.44,,-18254.52,-218.13,,08-23
74,002865,钧达股份,0.21,-8.7,,3.32,,2145.69,3.7,,08-23
75,002330,得利斯,0.0,-93.13,,0.08,,111.96,-92.99,,08-23
76,300142,沃森生物,-0.03,-75.0,,-1.35,,-4301.62,-73.43,,08-23
77,300171,东富龙,0.13,-42.82,,2.77,,8204.08,-42.48,,08-23
78,300205,天喻信息,0.07,-16.1,,2.59,,2957.97,-16.1,,08-23
79,002473,*ST圣莱,-0.08,10.0,,-3.48,,-1229.89,5.64,,08-23
80,601177,杭齿前进,0.01,-55.08,,0.26,,423.02,-55.15,,08-23
81,002502,骅威文化,0.18,-14.29,,4.72,,15252.12,71.84,,08-23
82,300310,宜通世纪,0.13,-35.0,,4.15,,10339.77,21.98,,08-23
83,002609,捷顺科技,0.09,7.72,,2.68,,5668.16,21.2,,08-23
84,300393,中来股份,0.84,86.67,,14.78,,15386.17,89.63,10派1.5,08-23
85,002089,新海宜,0.04,-28.55,,2.91,,5602.07,42.67,,08-23
86,600531,豫光金铅,0.08,93.83,,2.79,,8560.06,138.54,,08-23
87,002280,联络互动,0.01,-88.89,,0.51,,3145.39,-83.78,,08-23
88,300042,朗科科技,0.17,15.48,,2.57,,2282.08,15.46,,08-23
89,002370,亚太药业,0.38,22.58,,4.55,,10160.73,58.79,10转10,08-23
90,000900,现代投资,0.4,18.82,,5.12,,40687.45,18.83,,08-23
91,002537,海联金汇,0.14,-26.32,,2.67,,17788.52,216.64,,08-23
92,002060,粤水电,0.04,-49.88,,1.87,,5142.0,0.19,,08-23
93,002259,升达林业,0.01,0.0,,0.53,,889.24,14.17,,08-23
94,002878,元隆雅图,0.61,12.96,,12.87,,3659.44,20.12,,08-23
95,002348,高乐股份,0.03,33.2,,2.43,,3044.19,33.21,,08-23
96,601369,陕鼓动力,0.08,-27.27,,2.16,,13163.79,-26.68,,08-23
97,300339,润和软件,0.09,-35.71,,1.84,,6529.17,30.58,,08-23
98,300376,易事特,0.14,-54.84,,8.33,,31745.33,106.32,,08-23
99,300513,恒泰实达,0.08,-47.28,,1.77,,970.42,6.6,,08-23
100,002141,贤丰控股,0.0,-75.65,,0.41,,536.46,21.19,,08-23
101,300555,路通视信,0.11,-73.17,3.04,3.45,,2102.18,-14.67,,08-23
102,600461,洪城水业,0.16,-52.94,,3.97,,12484.25,-8.51,,08-23
103,002208,合肥城建,0.1,-56.03,,1.86,,3082.42,-56.03,,08-23
104,002806,华锋股份,0.08,-63.55,,3.06,,1090.71,-18.5,,08-23
105,002329,皇氏集团,0.11,-11.62,,3.21,,8916.99,-11.66,,08-23
106,002357,富临运业,0.2,2.21,,6.1,,6369.45,2.19,,08-23
107,002389,南洋科技,0.08,-11.11,,1.58,,5471.58,-18.18,,08-23
108,300139,晓程科技,0.0,-90.2,,0.06,,80.57,-88.97,,08-23
109,002528,英飞拓,0.03,-163.48,,0.92,,2639.79,-171.81,,08-23
110,300421,力星股份,0.28,18.61,,3.13,,3644.44,38.21,,08-23
111,603616,韩建河山,-0.1,-54.38,,-3.4,,-2873.41,-8.7,,08-23
112,603816,顾家家居,0.94,14.63,,10.83,,38798.71,42.61,,08-23
113,002246,北化股份,0.06,-33.33,,2.07,,2568.91,-33.61,,08-23
114,002871,伟隆股份,0.54,28.57,,8.56,,2890.39,36.42,,08-23
115,300009,安科生物,0.16,1.31,,8.31,,11573.85,35.98,,08-23
116,002337,赛象科技,0.08,-300.0,,3.86,,4660.38,-295.06,,08-23
117,002366,台海核电,0.98,50.77,,21.36,,42581.92,50.4,,08-23
118,002481,双塔食品,0.03,-31.2,,1.65,,4340.33,-33.9,,08-23
119,002573,清新环境,0.29,16.0,,8.34,,31570.56,17.44,,08-23
120,002451,摩恩电气,0.05,316.67,,3.33,,2137.7,292.53,,08-23
121,002545,东方铁塔,0.06,-24.6,,1.07,,7383.05,27.05,,08-23
122,603598,引力传媒,0.08,14.29,,3.41,,2061.3,5.5,,08-23
123,300617,安靠智电,0.64,-16.77,,5.94,,3916.65,2.13,,08-23
124,600800,天津磁卡,-0.05,-8.94,,-32.49,,-3303.28,-8.87,,08-23
125,601101,昊华能源,0.4,-433.33,,6.95,,48036.21,-436.32,,08-23
126,000767,漳泽电力,-0.2,276.83,,-7.06,,-60052.01,414.02,,08-23
127,002073,软控股份,0.07,250.0,,1.35,,6166.97,238.83,,08-23
128,002181,粤传媒,-0.04,-39.75,,-1.33,,-5015.23,-39.79,,08-23
129,002234,民和股份,-0.6,-217.65,,-19.44,,-18254.52,-218.13,,08-23
130,002858,力盛赛车,-0.06,-40.1,,-1.68,,-370.2,-19.57,,08-23
131,300161,华中数控,0.02,-108.09,,0.28,,307.97,-108.55,,08-23
132,000728,国元证券,0.17,-34.62,,2.46,,51371.83,0.62,,08-23
133,300310,宜通世纪,0.13,-35.0,,4.15,,10339.77,21.98,,08-23
134,002609,捷顺科技,0.09,7.72,,2.68,,5668.16,21.2,,08-23
135,300393,中来股份,0.84,86.67,,14.78,,15386.17,89.63,10派1.5,08-23
136,002089,新海宜,0.04,-28.55,,2.91,,5602.07,42.67,,08-23
137,600531,豫光金铅,0.08,93.83,,2.79,,8560.06,138.54,,08-23
138,002865,钧达股份,0.21,-8.7,,3.32,,2145.69,3.7,,08-23
139,002330,得利斯,0.0,-93.13,,0.08,,111.96,-92.99,,08-23
140,300142,沃森生物,-0.03,-75.0,,-1.35,,-4301.62,-73.43,,08-23
141,300171,东富龙,0.13,-42.82,,2.77,,8204.08,-42.48,,08-23
142,300205,天喻信息,0.07,-16.1,,2.59,,2957.97,-16.1,,08-23
143,002473,*ST圣莱,-0.08,10.0,,-3.48,,-1229.89,5.64,,08-23
144,601177,杭齿前进,0.01,-55.08,,0.26,,423.02,-55.15,,08-23
145,002502,骅威文化,0.18,-14.29,,4.72,,15252.12,71.84,,08-23
146,000900,现代投资,0.4,18.82,,5.12,,40687.45,18.83,,08-23
147,002537,海联金汇,0.14,-26.32,,2.67,,17788.52,216.64,,08-23
148,002060,粤水电,0.04,-49.88,,1.87,,5142.0,0.19,,08-23
149,002280,联络互动,0.01,-88.89,,0.51,,3145.39,-83.78,,08-23
150,300042,朗科科技,0.17,15.48,,2.57,,2282.08,15.46,,08-23
151,002370,亚太药业,0.38,22.58,,4.55,,10160.73,58.79,10转10,08-23
152,300296,利亚德,0.23,-4.17,,8.0,,37090.72,102.04,,08-22
153,002550,千红制药,0.11,1.08,,6.0,,14399.82,0.8,,08-22
154,000959,首钢股份,0.18,5687.1,,3.75,,94889.51,5667.78,,08-22
155,603089,正裕工业,0.43,-28.33,,7.2,,4557.43,-4.62,,08-22
156,300415,伊之密,0.31,47.62,,14.81,,13342.96,161.75,,08-22
157,603298,杭叉集团,0.45,4.65,,8.49,,28126.1,23.06,,08-22
158,300483,沃施股份,0.18,-14.29,,2.73,,1100.71,-13.39,,08-22
159,600366,宁波韵升,0.3,-78.36,,3.66,,16184.61,-78.19,,08-22
160,603538,美诺华,0.29,-35.56,,3.27,,3282.96,-19.11,,08-22
161,300586,美联新材,0.27,-20.59,,4.6,,2601.79,7.27,,08-22
162,600550,保变电气,0.05,25.0,,15.34,,6926.36,8.76,,08-22
163,600593,大连圣亚,0.07,146.84,,1.55,,610.93,147.05,,08-22
164,002384,东山精密,0.11,-38.89,,3.34,,11933.06,-21.09,10派0.1,08-22
165,300160,秀强股份,0.19,57.23,,8.86,,11382.88,57.26,,08-22
166,600873,梅花生物,0.2,53.85,,6.69,,62044.31,53.54,,08-22
167,601599,鹿港文化,0.08,-11.11,,2.71,,7311.21,-9.46,,08-22
168,601965,中国汽研,0.14,16.67,,3.35,,13700.05,23.81,,08-22
169,300353,东土科技,0.08,6.45,,2.09,,4350.09,16.57,,08-22
170,002607,亚夏汽车,0.05,-37.5,,2.26,,4259.25,29.94,,08-22
171,603128,华贸物流,0.15,-6.25,,4.26,,15331.24,13.88,,08-22
172,603203,快克股份,0.49,-23.44,,9.07,,5915.56,32.96,,08-22
173,600305,恒顺醋业,0.16,23.55,,5.8,,9388.47,23.55,,08-22
174,300461,田中精机,0.22,340.0,,4.85,,1512.92,319.22,,08-22
175,300492,山鼎设计,0.05,0.0,,1.46,,436.75,15.38,,08-22
176,002218,拓日新能,0.14,50.0,,3.17,,8708.87,49.63,,08-22
177,300637,扬帆新材,0.24,-25.0,,6.44,,2359.7,-17.54,,08-22
178,002840,华统股份,0.35,20.69,,5.73,,6041.19,57.59,,08-22
179,002863,今飞凯达,0.18,-5.26,,4.94,,3412.06,10.11,,08-22
180,000090,天健集团,0.29,95.14,,5.34,,34610.32,95.04,,08-22
181,300096,易联众,-0.1,-3393.1,,-5.94,,-4105.8,-3338.87,,08-22
182,600792,云煤能源,-0.08,100.0,,-2.66,,-7813.48,127.7,,08-22
183,002534,杭锅股份,0.29,107.14,,7.96,,21617.18,151.86,,08-22
184,002571,*ST德力,0.08,-221.67,,2.12,,3146.91,-221.6,,08-22
185,603038,华立股份,0.64,-21.95,,4.84,,4074.97,-0.72,,08-22
186,000980,众泰汽车,0.12,71.43,,3.63,,22226.57,495.12,,08-22
187,002612,朗姿股份,0.14,41.35,,2.18,,5427.92,41.35,,08-22
188,002730,电光科技,0.07,16.67,,2.75,,2366.95,19.19,,08-22
189,300533,冰川网络,0.51,-56.78,,3.36,,5050.38,-43.08,,08-22
190,600438,通威股份,0.2,81.73,,6.56,,79162.24,242.31,,08-22
191,002822,中装建设,0.22,-21.43,,3.38,,6648.71,5.18,,08-22
192,600585,海螺水泥,1.27,101.59,,8.46,,671672.35,100.21,,08-22
193,002875,安奈儿,0.56,3.7,,10.1,,4445.34,10.54,,08-22
194,600802,福建水泥,-0.11,-60.63,,-5.93,,-4306.27,-60.66,,08-22
195,300218,安利股份,0.01,-90.93,,0.3,,303.9,-90.92,,08-22
196,000768,中航飞机,0.03,14.14,,0.6,,9161.67,14.05,,08-22
197,300329,海伦钢琴,0.08,13.38,,2.5,,2022.5,13.34,,08-22
198,603085,天成自控,0.12,-25.0,,2.98,,2786.13,70.01,,08-22
199,600243,青海华鼎,0.11,-218.79,,2.64,,4637.64,-214.18,,08-22
200,002025,航天电器,0.35,20.69,,6.68,,14893.22,18.13,,08-22
201,300477,合纵科技,0.12,9.09,,3.75,,3356.77,11.66,,08-22
202,603360,百傲化学,0.45,2.27,,9.21,,5460.71,25.5,,08-22
203,603520,司太立,0.45,0.0,,6.56,,5449.35,16.6,,08-22
204,002137,麦达数字,0.06,-73.13,,2.19,,3570.44,-72.61,,08-22
205,300580,贝斯特,0.31,-9.07,,5.34,,5856.5,16.16,,08-22
206,002295,精艺股份,0.15,740.68,,3.43,,3743.03,740.73,,08-22
207,002351,漫步者,0.12,48.75,,3.93,,7012.76,48.74,10派0.5,08-22
208,601137,博威合金,0.23,109.09,,4.59,,14645.58,197.38,,08-22
209,601567,三星医疗,0.16,-5.88,,3.32,,23159.05,13.65,,08-22
210,002593,日上集团,0.05,-28.57,,1.76,,3256.42,40.19,,08-22
211,600220,江苏阳光,0.02,-57.87,,1.79,,3528.62,-57.93,,08-22
212,603388,元成股份,0.35,75.0,,5.44,,3050.58,101.79,10转10,08-22
213,300517,海波重科,0.12,-52.0,,2.12,,1277.73,-33.37,,08-22
214,002143,印纪传媒,0.24,0.88,,11.21,,26777.95,2.95,,08-22
215,300588,熙菱信息,0.15,102.85,,4.81,,1495.4,170.55,,08-22
216,300631,久吾高科,0.09,22.71,,1.75,,829.05,43.2,,08-22
217,603991,至正股份,0.21,-12.5,,3.94,,1344.29,-0.93,,08-22
218,600845,宝信软件,0.26,6.1,,4.87,,20450.34,5.97,,08-22
219,600891,秋林集团,0.13,-43.48,,2.72,,7999.77,-43.92,,08-22
220,300206,理邦仪器,0.08,116.32,,3.99,,4883.82,116.35,,08-22
221,600052,浙江广厦,0.04,-92.86,,1.54,,3217.57,-93.42,,08-22
222,002010,传化智联,0.06,-57.14,,1.68,,18942.32,-57.14,,08-22
223,300430,诚益通,0.34,6.25,,3.69,,3464.53,12.67,10转6,08-22
224,603223,恒通股份,0.25,8.7,,4.65,,3012.57,7.14,,08-22
225,002049,紫光国芯,0.2,-17.84,,3.8,,12348.08,-17.86,,08-22
226,002669,康达新材,0.17,-32.65,,2.33,,3808.0,-22.21,,08-22
227,002696,百洋股份,0.08,5.35,,1.41,,1455.26,5.39,,08-22
228,300495,美尚生态,0.19,-46.95,,4.2,,11074.21,57.01,,08-22
229,002124,天邦股份,0.19,-39.77,,6.13,,13557.0,-33.32,,08-22
230,603819,神力股份,0.18,-35.71,,2.93,,2157.55,-13.63,,08-22
231,600583,海油工程,0.05,-75.0,,0.86,,19985.04,-77.03,,08-22
232,002282,博深工具,0.13,225.0,,5.52,,4520.56,253.03,,08-22
233,002873,新天药业,0.54,12.34,,8.76,,2963.67,19.35,,08-22
234,000159,国际实业,-0.13,289.75,,-2.8,,-6038.55,289.85,10派0.3,08-22
235,002483,润邦股份,0.11,-31.25,,2.15,,5262.51,-21.08,,08-22
236,601700,风范股份,0.1,0.0,,3.71,,11462.64,2.37,,08-22
237,300328,宜安科技,0.05,51.18,,2.84,,2105.24,53.77,,08-22
238,002576,通达动力,0.11,-380.99,,2.07,,1781.71,-381.21,,08-22
239,002621,三垒股份,0.03,-50.0,,0.77,,874.19,-33.23,,08-22
240,603298,杭叉集团,0.45,4.65,,8.49,,28126.1,23.06,,08-22
241,300483,沃施股份,0.18,-14.29,,2.73,,1100.71,-13.39,,08-22
242,600366,宁波韵升,0.3,-78.36,,3.66,,16184.61,-78.19,,08-22
243,603538,美诺华,0.29,-35.56,,3.27,,3282.96,-19.11,,08-22
244,300586,美联新材,0.27,-20.59,,4.6,,2601.79,7.27,,08-22
245,600550,保变电气,0.05,25.0,,15.34,,6926.36,8.76,,08-22
246,600593,大连圣亚,0.07,146.84,,1.55,,610.93,147.05,,08-22
247,002416,爱施德,0.15,65.98,,2.95,,15773.55,73.03,,08-22
248,300204,舒泰神,0.3,20.0,,7.33,,14256.28,20.45,,08-22
249,601599,鹿港文化,0.08,-11.11,,2.71,,7311.21,-9.46,,08-22
250,601965,中国汽研,0.14,16.67,,3.35,,13700.05,23.81,,08-22
251,300353,东土科技,0.08,6.45,,2.09,,4350.09,16.57,,08-22
252,002607,亚夏汽车,0.05,-37.5,,2.26,,4259.25,29.94,,08-22
253,603128,华贸物流,0.15,-6.25,,4.26,,15331.24,13.88,,08-22
254,603203,快克股份,0.49,-23.44,,9.07,,5915.56,32.96,,08-22
255,600305,恒顺醋业,0.16,23.55,,5.8,,9388.47,23.55,,08-22
256,300461,田中精机,0.22,340.0,,4.85,,1512.92,319.22,,08-22
257,300492,山鼎设计,0.05,0.0,,1.46,,436.75,15.38,,08-22
258,002218,拓日新能,0.14,50.0,,3.17,,8708.87,49.63,,08-22
259,300637,扬帆新材,0.24,-25.0,,6.44,,2359.7,-17.54,,08-22
260,002840,华统股份,0.35,20.69,,5.73,,6041.19,57.59,,08-22
261,002863,今飞凯达,0.18,-5.26,,4.94,,3412.06,10.11,,08-22
262,603989,艾华集团,0.52,15.96,,8.51,,15478.73,15.96,,08-22
263,002308,威创股份,0.12,33.33,,4.33,,10375.52,45.43,,08-22
264,000099,中信海直,0.07,-0.87,,1.44,,4132.18,-0.92,,08-22
265,000430,张家界,0.12,9.89,,5.61,,3865.03,10.27,,08-22
266,600855,航天长峰,0.0,-98.77,,0.01,,12.43,-98.85,,08-22
267,000619,海螺型材,0.01,-95.87,,0.1,,233.38,-95.88,,08-22
268,000712,锦龙股份,0.11,-38.89,,2.61,,9673.99,-41.2,,08-22
269,002456,欧菲光,0.23,-35.97,,6.85,,62005.95,68.69,,08-22
270,300247,乐金健康,0.04,101.41,,1.47,,3446.07,124.84,,08-22
271,300279,和晶科技,0.11,-66.33,,3.1,,5073.33,6.63,,08-22
272,300321,同大股份,0.11,-33.19,,1.66,,963.53,-33.17,,08-22
273,600311,荣华实业,0.01,-107.94,,0.4,,328.24,-107.81,,08-22
274,300472,新元科技,0.04,0.0,,1.04,,403.03,34.92,,08-22
275,600448,华纺股份,0.02,100.0,,0.9,,766.53,27.7,,08-22
276,002223,鱼跃医疗,0.4,-29.82,,7.86,,39812.73,20.13,,08-22
277,300649,杭州园林,0.24,9.09,,6.36,,1284.82,24.4,10转10,08-22
278,600771,广誉远,0.22,175.0,,4.5,,7867.58,265.48,,08-22
279,000636,风华高科,0.12,33.33,,2.45,,11168.95,38.37,,08-22
280,000952,广济药业,0.2,-11.06,,7.47,,5071.78,-10.84,,08-22
281,603088,宁波精达,0.13,-13.33,,2.26,,1069.72,-8.85,,08-22
282,000998,隆平高科,0.19,45.66,,4.06,,23402.48,50.88,,08-22
283,002627,宜昌交运,0.24,28.55,,3.41,,3203.73,28.55,,08-22
284,002029,七匹狼,0.16,14.29,,2.33,,12200.52,15.95,,08-22
285,300447,全信股份,0.23,-22.73,,9.5,,6366.59,32.36,,08-22
286,002709,天赐材料,0.55,-8.71,,10.36,,17678.17,-8.22,,08-22
287,600400,红豆股份,0.28,600.0,,11.5,,49837.18,742.28,,08-22
288,600589,广东榕泰,0.09,30.99,,2.16,,6528.33,30.64,,08-22
289,600732,ST新梅,0.16,-333.38,,16.91,,7148.39,-333.33,,08-22
290,002446,盛路通信,0.12,-57.14,,3.64,,9020.67,-28.5,,08-22
291,000738,航发控制,0.13,26.88,,2.86,,14326.35,26.8,,08-22
292,002500,山西证券,0.08,28.48,,1.92,,23738.4,30.9,,08-22
293,300305,裕兴股份,0.12,-0.73,,2.5,,3537.05,-0.9,,08-22
294,600137,浪莎股份,0.1,232.26,,2.18,,998.36,226.92,,08-22
295,002604,龙力生物,0.1,25.0,,1.98,,6086.83,36.39,,08-22
296,300380,安硕信息,-0.05,-200.0,,-1.78,,-690.48,-191.76,,08-22
297,002641,永高股份,0.06,-57.14,,2.46,,6317.15,-48.27,,08-22
298,600262,北方股份,0.13,-388.94,,2.08,,2131.25,-388.58,,08-22
299,002043,兔宝宝,0.19,58.33,,9.5,,15795.33,61.12,,08-22
300,002351,漫步者,0.12,48.75,,3.93,,7012.76,48.74,10派0.5,08-22
301,601137,博威合金,0.23,109.09,,4.59,,14645.58,197.38,,08-22
302,601567,三星医疗,0.16,-5.88,,3.32,,23159.05,13.65,,08-22
303,002010,传化智联,0.06,-57.14,,1.68,,18942.32,-57.14,,08-22
304,300430,诚益通,0.34,6.25,,3.69,,3464.53,12.67,10转6,08-22
305,603223,恒通股份,0.25,8.7,,4.65,,3012.57,7.14,,08-22
306,002049,紫光国芯,0.2,-17.84,,3.8,,12348.08,-17.86,,08-22
307,002669,康达新材,0.17,-32.65,,2.33,,3808.0,-22.21,,08-22
308,002696,百洋股份,0.08,5.35,,1.41,,1455.26,5.39,,08-22
309,300495,美尚生态,0.19,-46.95,,4.2,,11074.21,57.01,,08-22
310,002124,天邦股份,0.19,-39.77,,6.13,,13557.0,-33.32,,08-22
311,603819,神力股份,0.18,-35.71,,2.93,,2157.55,-13.63,,08-22
312,603991,至正股份,0.21,-12.5,,3.94,,1344.29,-0.93,,08-22
313,600845,宝信软件,0.26,6.1,,4.87,,20450.34,5.97,,08-22
314,600891,秋林集团,0.13,-43.48,,2.72,,7999.77,-43.92,,08-22
315,300206,理邦仪器,0.08,116.32,,3.99,,4883.82,116.35,,08-22
316,600052,浙江广厦,0.04,-92.86,,1.54,,3217.57,-93.42,,08-22
317,601700,风范股份,0.1,0.0,,3.71,,11462.64,2.37,,08-22
318,300328,宜安科技,0.05,51.18,,2.84,,2105.24,53.77,,08-22
319,002576,通达动力,0.11,-380.99,,2.07,,1781.71,-381.21,,08-22
320,002621,三垒股份,0.03,-50.0,,0.77,,874.19,-33.23,,08-22
321,002023,海特高新,0.03,-57.14,,0.7,,2307.86,-54.03,,08-22
322,002102,冠福股份,0.03,-72.84,,1.71,,7860.16,-3.0,,08-22
323,600353,旭光股份,0.04,3.98,,1.99,,2130.63,3.93,,08-22
324,603519,立霸股份,0.25,8.7,,5.68,,3975.48,10.39,,08-22
325,002136,安纳达,0.38,1897.35,,14.91,,8118.03,1895.11,,08-22
326,300545,联得装备,0.37,23.33,,5.5,,2637.3,66.44,,08-22
327,600510,黑牡丹,0.13,-23.53,,1.81,,13933.06,-21.11,,08-22
328,600583,海油工程,0.05,-75.0,,0.86,,19985.04,-77.03,,08-22
329,002282,博深工具,0.13,225.0,,5.52,,4520.56,253.03,,08-22
330,002873,新天药业,0.54,12.34,,8.76,,2963.67,19.35,,08-22
331,000159,国际实业,-0.13,289.75,,-2.8,,-6038.55,289.85,10派0.3,08-22
332,002483,润邦股份,0.11,-31.25,,2.15,,5262.51,-21.08,,08-22
333,000962,东方钽业,-0.22,-30.85,,-6.63,,-9535.34,-30.85,,08-22
334,002591,恒大高新,-0.04,951.22,,-1.45,,-1152.23,981.32,,08-22
335,001979,招商蛇口,0.44,-8.33,,6.03,,346643.75,-9.49,,08-22
336,603196,日播时尚,0.13,25.16,,4.54,,2524.06,32.2,,08-22
337,300484,蓝海华腾,0.34,-50.72,,11.07,,7084.06,4.74,,08-22
338,002114,罗平锌电,0.02,-122.22,,0.48,,779.6,-133.0,,08-22
339,603556,海兴电力,0.72,-11.11,,6.29,,27154.24,19.1,,08-22
340,000656,金科股份,0.06,-57.14,,2.13,,45559.23,-31.66,,08-22
341,300197,铁汉生态,0.18,-5.26,,5.13,,26925.76,51.8,,08-22
342,300259,新天科技,0.07,-12.5,3.24,2.08,,3593.0,-4.91,,08-22
343,000868,安凯客车,-0.04,-233.33,,-2.2,,-2878.4,-249.89,,08-22
344,600103,青山纸业,0.04,1182.14,,1.97,,6360.8,2054.04,,08-22
345,600267,海正药业,0.01,-33.33,,0.2,,1350.4,-33.61,,08-22
346,603208,江山欧派,0.8,-11.11,,7.76,,5943.1,9.41,,08-22
347,002665,首航节能,0.05,25.0,,3.16,,9297.43,6.54,,08-22
348,002695,煌上煌,0.16,-57.89,,4.93,,8003.82,67.99,,08-22
349,002149,西部材料,0.05,64.81,,1.17,,2010.64,301.02,,08-22
350,300563,神宇股份,0.29,-12.12,,5.35,,2328.85,17.21,,08-22
351,600497,驰宏锌锗,0.13,1304.44,,5.99,,54462.82,3148.5,,08-22
352,002219,恒康医疗,0.09,16.56,,3.97,,16548.91,15.05,,08-22
353,300036,超图软件,0.06,114.81,,1.6,,2602.06,143.62,,08-22
354,002359,齐星铁塔,0.05,-4.94,,1.0,,2551.9,11.93,10转7,08-22
355,000688,建新矿业,0.21,293.88,,12.88,,24149.98,293.92,,08-22
356,002513,蓝丰生化,0.18,-5.26,,2.39,,6075.57,-5.15,,08-22
357,600178,东安动力,0.09,-29.24,,2.13,,3937.18,-29.24,,08-22
358,600239,云南城投,-0.18,-41.38,,-6.31,,-28336.58,-12.07,,08-22
359,002674,兴业科技,0.08,101.51,,1.03,,2416.91,151.61,,08-22
360,000768,中航飞机,0.03,14.14,,0.6,,9161.67,14.05,,08-22
361,300329,海伦钢琴,0.08,13.38,,2.5,,2022.5,13.34,,08-22
362,603085,天成自控,0.12,-25.0,,2.98,,2786.13,70.01,,08-22
363,600243,青海华鼎,0.11,-218.79,,2.64,,4637.64,-214.18,,08-22
364,002025,航天电器,0.35,20.69,,6.68,,14893.22,18.13,,08-22
365,300477,合纵科技,0.12,9.09,,3.75,,3356.77,11.66,,08-22
366,603360,百傲化学,0.45,2.27,,9.21,,5460.71,25.5,,08-22
367,603520,司太立,0.45,0.0,,6.56,,5449.35,16.6,,08-22
368,002137,麦达数字,0.06,-73.13,,2.19,,3570.44,-72.61,,08-22
369,300580,贝斯特,0.31,-9.07,,5.34,,5856.5,16.16,,08-22
370,600585,海螺水泥,1.27,101.59,,8.46,,671672.35,100.21,,08-22
371,002875,安奈儿,0.56,3.7,,10.1,,4445.34,10.54,,08-22
372,000966,长源电力,-0.08,-129.48,,-2.63,,-9015.5,-129.5,,08-21
373,600521,华海药业,0.29,16.0,,6.51,,29543.07,14.12,,08-21
374,002302,西部建设,-0.02,-128.57,,-0.43,,-1836.07,-123.8,,08-21
375,600381,青海春天,0.12,56.6,,4.14,,8459.32,55.89,,08-21
376,300693,盛弘股份,0.46,15.0,3.98,12.04,0.27,3171.02,16.06,,08-21
377,603358,华达科技,0.86,-17.31,,5.78,,13236.32,5.81,,08-21
378,300054,鼎龙股份,0.16,-28.15,,4.87,,15531.41,55.67,,08-21
379,002468,申通快递,0.49,4800.0,,12.84,,74650.09,16308.12,,08-21
380,300342,天银机电,0.22,-4.35,,7.39,,9211.73,28.14,,08-21
381,002035,华帝股份,0.41,-5.85,,12.71,,23579.59,52.63,,08-21
382,300514,友讯达,0.31,77.02,,8.4,,2568.62,96.76,,08-21
383,002745,木林森,0.58,70.59,,5.66,,30612.48,100.58,,08-21
384,002261,拓维信息,0.12,0.0,,3.37,,12989.63,0.52,,08-21
385,603976,正川股份,0.52,10.64,6.55,8.12,0.17,4244.97,11.11,,08-21
386,002007,华兰生物,0.46,5.05,,9.72,,43112.05,5.07,,08-21
387,603319,湘油泵,0.51,37.84,,6.73,,4153.24,84.32,,08-21
388,603617,君禾股份,0.44,-2.22,,15.79,,3817.09,12.37,,08-21
389,002619,艾格拉斯,0.08,0.0,,3.41,,11859.8,82.77,,08-21
390,002703,浙江世宝,0.13,2.11,,2.66,,3971.51,2.18,,08-21
391,002872,天圣制药,0.61,7.02,,5.01,,10175.64,12.43,,08-21
392,000786,北新建材,0.38,17.23,,6.43,,68232.43,48.51,,08-21
393,002628,成都路桥,0.02,2.06,,0.54,,1458.45,1.98,,08-21
394,300629,新劲刚,0.13,-13.33,,3.42,,736.73,0.61,,08-21
395,002832,比音勒芬,0.79,-8.14,,6.35,,8395.89,21.39,,08-21
396,002857,三晖电气,0.01,-200.0,,0.21,,49.88,-196.96,,08-21
397,300170,汉得信息,0.15,19.29,,6.05,,12914.64,22.83,,08-21
398,002472,双环传动,0.17,-32.0,,3.74,,11442.53,38.46,,08-21
399,300236,上海新阳,0.18,17.52,,2.75,,3469.89,20.24,,08-21
400,002817,黄山胶囊,0.32,-36.0,,4.28,,2740.57,-15.8,,08-21
401,002615,哈尔斯,0.19,58.33,,9.82,,7618.42,135.25,,08-21
402,002831,裕同科技,0.78,10.46,,7.09,,31132.17,22.73,,08-21
403,300666,江丰电子,0.11,22.22,,5.07,,2058.4,34.23,,08-21
404,603966,法兰泰克,0.16,-5.88,,3.31,,2458.67,17.88,,08-21
405,002877,智能自控,0.23,-2.15,,6.03,,2209.7,3.36,,08-21
406,002885,京泉华,0.58,41.98,,9.56,,3492.64,42.16,,08-21
407,002527,新时达,0.16,6.32,,3.58,,9919.46,9.62,,08-21
408,600332,白云山,0.71,10.56,11.1,6.46,0.53,115814.01,39.23,,08-21
409,002013,中航机电,0.07,-20.9,,2.38,,18023.38,32.69,,08-21
410,002672,东江环保,0.25,4.17,,6.41,,22014.71,6.83,,08-21
411,002128,露天煤业,0.64,204.76,,10.58,,105146.0,202.1,,08-21
412,002766,索菱股份,0.29,52.79,,4.05,,5716.8,65.82,,08-21
413,300611,美力科技,0.12,-60.0,,3.67,,2136.22,6.93,,08-21
414,002846,英联股份,0.21,-22.11,,5.04,,2418.56,0.25,10派2转6,08-21
415,002277,友阿股份,0.19,-48.56,,5.35,,26853.54,28.68,,08-21
416,002626,金达威,0.24,9.09,,6.66,,14913.44,15.09,,08-21
417,300033,同花顺,0.53,-22.06,,10.06,,28640.6,-21.3,,08-21
418,002640,跨境通,0.22,83.33,,7.2,,31489.79,98.87,,08-21
419,002363,隆基机械,0.11,0.0,,2.29,,4291.86,10.98,,08-21
420,002393,力生制药,0.43,13.16,,2.57,,7838.35,13.14,,08-21
421,000881,中广核技,0.14,13590.0,,2.8,,14454.48,34881.78,,08-21
422,002276,万马股份,0.06,-45.45,,1.85,,5718.66,-44.65,10派1,08-21
423,002868,绿康生化,0.49,-26.87,,13.13,,4675.64,-22.55,,08-21
424,603996,中新科技,0.05,42.09,,1.01,,1429.44,42.02,,08-21
425,600355,精伦电子,-0.02,-550.0,,-2.18,,-884.87,-561.53,,08-21
426,002322,理工环科,0.26,333.33,,3.45,,10380.96,293.86,,08-19
427,600825,新华传媒,0.02,-20.0,,0.82,,2133.5,-17.49,,08-19
428,002443,金洲管道,0.07,-30.0,,1.92,,3844.78,-26.83,,08-19
429,000793,华闻传媒,0.18,13.21,,3.72,,35950.04,11.46,,08-19
430,603198,迎驾贡酒,0.41,0.0,,8.37,,32947.33,-0.32,,08-19
431,002719,麦趣尔,0.1,-50.0,,0.99,,1135.67,-47.22,,08-19
432,002782,可立克,0.07,-22.05,,3.54,,2920.72,-22.09,,08-19
433,603979,金诚信,0.19,-34.48,,2.99,,11138.21,3.62,,08-19
434,600750,江中药业,0.7,6.06,,7.73,,21044.4,7.06,,08-19
435,002476,宝莫股份,-0.08,-407.17,,-4.9,,-4720.93,-407.54,,08-19
436,601198,东兴证券,0.21,-31.67,,3.02,,56458.87,-25.75,,08-19
437,601616,广电电气,0.01,-112.94,,0.4,,929.08,-112.99,,08-19
438,000931,中关村,-0.09,322.82,,-5.42,,-6502.61,367.57,,08-19
439,603568,伟明环保,0.36,50.0,,11.95,,24631.64,48.07,,08-19
440,002399,海普瑞,0.01,-97.14,,0.09,,745.01,-97.15,,08-19
441,000628,高新发展,0.06,229.34,,2.33,,1719.29,230.65,,08-19
442,000715,中兴商业,0.12,39.77,,2.82,,3445.52,40.29,,08-19
443,000821,京山轻机,0.15,150.0,,4.02,,7132.36,156.25,,08-19
444,000948,南天信息,-0.23,21.75,,-4.06,,-5756.87,21.81,,08-19
445,600241,时代万恒,-0.01,-90.0,,-0.28,,-171.84,-90.45,,08-19
446,600278,东方创业,0.15,7.14,,2.34,,7982.54,7.83,,08-19
447,002827,高争民爆,0.3,0.0,,7.29,,5590.29,34.99,,08-19
448,002849,威星智能,0.25,-15.34,,4.43,,1950.65,3.11,,08-19
449,002385,大北农,0.13,42.59,,5.54,,52466.44,42.56,,08-19
450,300227,光韵达,0.09,3155.17,,2.95,,1413.72,3362.64,,08-19
451,002494,华斯股份,0.03,0.0,,0.56,,1113.2,27.49,,08-19
452,600020,中原高速,0.23,401.56,,5.52,,77638.82,104.64,,08-19
453,601899,紫金矿业,0.07,176.0,,5.07,,150539.94,179.63,,08-19
454,600127,金健米业,0.01,-28.29,,0.94,,698.77,-28.23,,08-19
455,300556,丝路视觉,0.06,-50.0,,1.72,,692.94,-28.01,,08-19
456,603606,东方电缆,0.09,28.57,,3.25,,2809.83,31.12,,08-19
457,600470,六国化工,-0.02,-72.58,,-0.43,,-867.89,-73.14,,08-19
458,603669,灵康药业,0.23,-17.86,,4.94,,5896.72,-19.47,,08-19
459,300630,普利制药,0.29,16.0,,6.51,,3122.27,38.16,,08-19
460,600594,益佰制药,0.23,6.42,,4.56,,18366.74,6.54,,08-19
461,600744,华银电力,-0.26,83.57,,-11.69,,-45764.91,79.07,,08-19
462,000419,通程控股,0.15,7.19,,4.04,,8017.06,7.15,,08-19
463,600784,鲁银投资,0.01,-91.45,,0.36,,572.93,-91.42,,08-19
464,000610,西安旅游,-0.03,-296.79,,-0.91,,-726.73,-296.33,,08-19
465,002418,康盛股份,0.06,-40.0,,3.42,,7228.29,-36.41,,08-19
466,600228,*ST昌九,-0.06,-14.29,,-77.18,,-1416.71,-9.87,,08-19
467,002123,梦网集团,0.18,5.88,,2.98,,15492.56,5.22,,08-19
468,600379,宝光股份,0.1,-3.81,,4.86,,2321.65,-3.81,,08-19
469,603567,珍宝岛,0.24,-4.16,,4.53,,19952.28,-4.17,,08-19
470,002242,九阳股份,0.47,0.0,,9.97,,36123.24,-0.69,,08-19
471,002841,视源股份,0.78,-12.36,,15.76,,30981.73,-4.39,,08-19
472,603909,合诚股份,0.29,-16.83,,4.96,,2930.35,10.9,,08-19
473,600619,海立股份,0.13,225.0,,2.82,,11434.55,214.37,,08-19
474,300248,新开普,0.07,126.13,,1.83,,2208.84,138.61,,08-19
475,002574,明牌珠宝,0.11,37.5,,1.81,,5583.05,33.8,,08-19
476,603078,江化微,0.52,-19.69,,5.29,,2607.64,-10.83,,08-19
477,603168,莎普爱思,0.34,-46.88,,5.09,,8319.64,-20.26,,08-19
478,600277,亿利洁能,0.06,-20.09,,1.21,,16089.38,2.55,,08-19
479,002164,宁波东力,0.03,200.0,,1.37,,1507.66,373.82,,08-19
480,300309,吉艾科技,0.06,-400.0,,2.16,,3049.51,-475.54,,08-19
481,000972,*ST中基,-0.05,-26.66,,-4.94,,-4006.82,-26.78,,08-19
482,002045,国光电器,0.08,700.0,,2.54,,3443.11,785.15,,08-19
483,002187,广百股份,0.29,11.54,,3.77,,9761.97,9.15,,08-19
484,603899,晨光文具,0.31,15.35,,11.57,,28907.44,15.36,,08-19
485,002271,东方雨虹,0.56,27.27,,9.38,,49371.89,35.49,,08-19
486,600693,东百集团,0.1,810.53,,4.76,,9324.58,809.72,,08-19
487,300035,中科电气,0.06,-20.57,,2.68,,2859.15,83.58,,08-19
488,600836,界龙实业,-0.02,-480.0,,-1.49,,-1275.54,-495.61,,08-19
489,000609,绵石投资,0.43,-8.12,,8.2,,12376.74,-10.83,10派1,08-19
490,600995,文山电力,0.42,68.0,,11.94,,19928.08,67.46,,08-19
491,601311,骆驼股份,0.25,8.7,,4.34,,21435.66,10.15,,08-19
492,600351,亚宝药业,0.14,20.02,,4.01,,10714.82,20.06,,08-19
493,603586,金麒麟,0.55,-11.29,,6.75,,10130.05,3.88,,08-19
494,002796,世嘉科技,0.18,-48.57,,2.95,,1444.26,-34.04,,08-19
495,600506,香梨股份,-0.0,-95.83,,-0.05,,-12.83,-96.44,,08-19
496,601118,海南橡胶,-0.03,-42.73,,-1.55,,-12384.65,-42.76,,08-19
497,600248,延长化建,0.1,13.13,,3.17,,6206.11,13.06,,08-19
498,002678,珠江钢琴,0.1,11.11,,4.46,,9148.17,10.71,,08-19
499,300482,万孚生物,0.62,-8.82,,12.24,,10924.8,35.97,,08-19
500,600363,联创光电,0.26,16.54,,5.47,,11559.46,16.5,,08-19
501,300552,万集科技,0.07,-84.09,,0.99,,732.22,-79.06,,08-19
502,600673,东阳光科,0.08,500.0,,5.71,,20840.8,484.85,,08-19
503,600036,招商银行,1.56,11.43,16.63,9.56,-2.22,3925900.0,11.43,,08-19
504,000860,顺鑫农业,0.43,6.06,,3.57,,24459.74,6.04,,08-19
505,000970,中科三环,0.14,2.86,,3.65,,15313.3,0.32,,08-19
506,002003,伟星股份,0.28,-12.5,,7.21,,16314.51,21.71,,08-19
507,600422,昆药集团,0.27,-13.21,,5.92,,21551.79,-13.23,,08-19
508,000531,穗恒运A,0.16,-51.77,,2.84,,11278.62,-51.76,,08-19
509,000813,德展健康,0.19,-502.32,,10.77,,42734.78,-2030.3,,08-19
510,600237,铜峰电子,0.01,-120.82,,0.52,,632.25,-120.82,,08-19
511,300396,迪瑞医疗,0.59,43.9,,8.04,,9113.52,45.94,,08-19
512,600271,航天信息,0.31,-6.06,,6.11,,58117.74,-5.86,,08-19
513,002795,永和智控,0.26,-38.1,,4.9,,3013.92,-13.92,,08-19
514,002222,福晶科技,0.15,93.5,,9.42,,6619.73,99.21,,08-19
515,002823,凯中精密,0.26,-46.94,,7.09,,7477.27,41.83,,08-19
516,300100,双林股份,0.43,4.88,,6.6,,17257.55,5.16,,08-19
517,600793,宜宾纸业,1.25,-701.25,,110.68,,13194.31,-701.22,,08-19
518,002394,联发股份,0.43,-5.48,,4.81,,14073.28,-4.48,10派2,08-19
519,600898,国美通讯,-0.06,-285.15,,-3.88,,-1415.67,-284.76,,08-19
520,600281,太化股份,-0.06,-67.24,,-5.82,,-3115.99,-67.25,,08-19
521,603286,日盈电子,0.25,8.7,,5.15,,1683.9,12.45,,08-19
522,002205,国统股份,-0.04,-68.73,,-0.51,,-469.03,-68.75,,08-19
523,002830,名雕股份,0.08,-55.56,,1.88,,1075.65,17.92,,08-19
524,600548,深高速,0.34,20.57,,5.72,,74173.08,20.63,,08-19
525,600770,综艺股份,0.02,-33.33,,0.58,,2010.81,-37.69,,08-19
526,300190,维尔利,0.17,30.77,,2.39,,7014.21,51.19,,08-19
527,600971,恒源煤电,0.63,952.33,,10.27,,63136.86,1011.71,,08-19
528,601155,新城控股,0.51,13.33,,7.44,,113922.94,33.66,,08-19
529,600023,浙能电力,0.18,-41.94,,4.03,,238268.97,-42.77,,08-19
530,600222,太龙药业,0.0,25.0,,0.15,,229.94,26.12,,08-19
531,002661,克明面业,0.2,11.11,,3.19,,6722.6,8.91,,08-19
532,600525,长园集团,0.2,-18.08,,3.66,,26470.77,-1.97,,08-19
533,300633,开立医疗,0.2,112.84,,9.02,,7364.56,120.62,,08-19
534,603886,元祖股份,0.01,-105.88,,0.32,,343.02,-111.15,,08-19
535,600681,百川能源,0.19,11.76,,8.14,,18206.07,33.57,,08-19
536,600826,兰生股份,0.11,-93.45,,1.2,,4595.38,-93.49,,08-19
537,002154,报喜鸟,-0.03,-62.5,,-1.27,,-3060.26,-68.59,,08-19
538,002191,劲嘉股份,0.23,-14.81,,6.49,,30308.01,-13.92,,08-19
539,600499,科达洁能,0.2,-48.43,,6.67,,27806.59,3.22,,08-19
540,603701,德宏股份,0.41,-24.07,,7.2,,4051.09,15.52,10派1.5转2,08-19
541,300643,万通智控,0.11,10.0,,6.77,,1868.77,23.86,,08-19
542,600699,均胜电子,0.65,80.56,,4.7,,61560.01,151.31,,08-19
543,002335,科华恒盛,1.03,505.88,,8.74,,27719.94,579.93,,08-19
544,300038,梅泰诺,0.69,234.99,,3.38,,17502.64,346.7,,08-19
545,000544,中原环保,0.27,22.73,,3.34,,17543.74,38.37,,08-19
546,000613,*ST东海A,0.0,840.0,,2.29,,171.93,898.85,,08-19
547,300177,中海达,0.06,41.58,,1.52,,2427.01,41.54,,08-19
548,600892,大晟文化,0.06,-76.0,,2.06,,3479.68,-1.66,,08-19
549,002485,希努尔,-0.07,-180.56,,-1.18,,-2320.25,-185.07,,08-19
550,300441,鲍斯股份,0.2,150.0,,6.05,,7327.41,185.6,,08-19
551,002707,众信旅游,0.11,22.58,,5.18,,9525.14,26.58,,08-19
552,002850,科达利,0.68,-24.44,,5.32,,9466.89,0.33,,08-19
553,600713,南京医药,0.13,37.36,,4.19,,11236.77,38.04,,08-19
554,300118,东方日升,0.35,-51.97,,4.99,,27343.92,-43.03,,08-19
555,000559,万向钱潮,0.16,-23.7,,9.96,,44392.33,-8.4,,08-19
556,002430,杭氧股份,0.12,-271.43,,2.87,,9833.8,-275.24,,08-19
557,000793,华闻传媒,0.18,13.21,,3.72,,35950.04,11.46,,08-19
558,603198,迎驾贡酒,0.41,0.0,,8.37,,32947.33,-0.32,,08-19
559,002719,麦趣尔,0.1,-50.0,,0.99,,1135.67,-47.22,,08-19
560,002782,可立克,0.07,-22.05,,3.54,,2920.72,-22.09,,08-19
561,603979,金诚信,0.19,-34.48,,2.99,,11138.21,3.62,,08-19
562,002322,理工环科,0.26,333.33,,3.45,,10380.96,293.86,,08-19
563,600825,新华传媒,0.02,-20.0,,0.82,,2133.5,-17.49,,08-19
564,002443,金洲管道,0.07,-30.0,,1.92,,3844.78,-26.83,,08-19
565,000809,*ST新城,-0.1,7.78,,-2.7,,-8002.65,10.38,,08-18
566,000877,天山股份,0.03,-124.58,,0.43,,2550.73,-124.55,,08-18
567,600105,永鼎股份,0.14,15.7,,5.09,,13233.3,15.98,,08-18
568,002568,百润股份,0.08,-150.0,,4.77,,7817.48,-153.96,,08-18
569,002150,通润装备,0.16,6.67,,4.0,,4300.1,13.04,,08-18
570,600426,华鲁恒升,0.34,-14.25,,6.47,,54551.0,11.33,,08-18
571,002190,成飞集成,0.01,-94.49,,0.16,,282.35,-94.5,,08-18
572,002791,坚朗五金,0.32,-36.0,,4.02,,10169.09,6.02,,08-18
573,300642,透景生命,0.94,8.05,,9.86,,4713.67,20.26,,08-18
574,002866,传艺科技,0.33,6.45,,7.27,,4002.01,18.22,,08-18
575,000088,盐田港,0.08,-3.07,,2.58,,15352.76,-3.01,,08-18
576,300074,华平股份,0.01,14.04,,0.6,,689.78,14.37,,08-18
577,002392,北京利尔,0.07,1.45,,2.77,,8444.92,2.29,,08-18
578,300143,星普医科,0.29,386.13,,3.56,,8110.36,486.47,,08-18
579,002419,天虹股份,0.47,30.56,,6.59,,37484.37,31.36,,08-18
580,601318,中国平安,2.43,6.58,23.29,10.6,-0.78,4342700.0,6.5,10派5,08-18
581,603169,兰石重装,0.01,-34.62,,0.41,,1220.89,-34.74,,08-18
582,002652,扬子新材,0.1,0.0,,7.06,,4978.46,62.09,,08-18
583,300475,聚隆科技,0.15,-41.84,,2.55,,2929.05,-41.86,,08-18
584,600392,盛和资源,0.11,-557.55,,3.88,,13459.07,-682.82,,08-18
585,002799,环球印务,0.09,-43.75,,2.48,,1295.33,-19.38,,08-18
586,603728,鸣志电器,0.24,-7.63,,8.3,,7597.95,23.2,,08-18
587,603858,步长制药,0.99,0.57,,5.31,,67806.52,12.03,,08-18
588,002311,海大集团,0.33,32.0,,8.84,,51871.16,34.89,,08-18
589,600768,宁波富邦,-0.1,11.11,,-23.17,,-1336.88,10.52,,08-18
590,000502,绿景控股,-0.21,61.54,,-20.26,,-3904.77,68.42,,08-18
591,002459,天业通联,0.01,-6.67,,0.26,,328.05,-6.3,,08-18
592,000790,泰合健康,0.03,-33.16,,1.67,,1120.15,-33.19,,08-18
593,600078,澄星股份,0.03,-24.05,,1.1,,2017.38,-22.95,,08-18
594,002629,仁智股份,-0.03,-62.5,,-2.13,,-1418.77,-58.36,,08-18
595,002142,宁波银行,0.94,-11.32,9.55,10.15,-3.99,476549.0,15.14,,08-18
596,002833,弘亚数控,0.92,43.75,,15.98,,12276.22,92.2,,08-18
597,002293,罗莱生活,0.23,7.17,,5.78,,16163.42,7.16,,08-18
598,002321,华英农业,0.03,-75.2,,0.7,,1686.71,-75.21,,08-18
599,300129,泰胜风能,0.15,0.0,,4.91,,10832.2,1.34,,08-18
600,300337,银邦股份,0.03,1096.43,,1.78,,2752.29,1077.86,,08-18
601,600282,南钢股份,0.3,730.79,,16.45,,120815.63,730.02,,08-18
602,600323,瀚蓝环境,0.41,20.59,,6.31,,31428.86,20.02,,08-18
603,002109,兴化股份,0.14,-209.45,,3.15,,10006.25,-314.41,,08-18
604,002776,柏堡龙,0.31,6.9,,3.53,,7451.13,22.96,,08-18
605,603667,五洲新春,0.27,-6.9,,4.63,,5383.39,20.39,,08-18
606,600527,江南高纤,0.03,229.55,,1.43,,2328.4,228.88,,08-18
607,603811,诚意药业,0.4,-23.08,,6.97,,3004.81,-10.03,,08-18
608,002326,永太科技,0.27,94.96,,8.94,,22077.77,99.11,,08-18
609,300034,钢研高纳,0.09,-17.72,,2.9,,3848.94,-17.18,,08-18
610,300064,豫金刚石,0.08,-31.73,,1.41,,9435.29,21.34,,08-18
611,600888,新疆众和,0.09,172.56,,2.19,,7198.92,253.9,,08-18
612,300491,通合科技,-0.05,-119.23,,-1.54,,-628.9,-133.52,,08-18
613,002870,香山股份,0.46,15.0,,10.59,,4052.56,20.9,,08-18
614,600641,万业企业,1.96,2424.77,,30.61,,157744.57,2425.69,,08-18
615,002336,人人乐,-0.34,-925.74,,-6.02,,-13474.86,-925.31,,08-18
616,300039,上海凯宝,0.18,-21.36,,8.47,,19451.31,1.59,10派1,08-18
617,600758,红阳能源,0.34,-303.11,,8.34,,45033.9,-300.6,,08-18
618,002365,永安药业,0.35,89.6,,5.87,,7138.26,106.78,,08-18
619,000547,航天发展,0.08,33.33,,2.22,,11583.77,27.14,,08-18
620,000615,京汉股份,-0.04,-63.0,,-1.71,,-2888.25,-62.45,,08-18
621,002426,胜利精密,0.09,-33.57,,3.78,,32163.74,-21.79,,08-18
622,300244,迪安诊断,0.33,32.0,,8.69,,18107.73,33.59,,08-18
623,601222,林洋能源,0.19,-62.0,,3.87,,33674.19,52.75,,08-18
624,002511,中顺洁柔,0.21,-2.58,,5.65,,15641.05,47.81,,08-18
625,600060,海信电器,0.3,-46.47,,2.96,,39602.41,-46.55,,08-18
626,000882,华联股份,0.01,-50.24,,0.43,,2694.84,-41.45,,08-18
627,300365,恒华科技,0.27,59.18,,6.32,,4759.65,59.97,,08-18
628,603040,新坐标,0.87,85.11,,9.95,,4381.62,105.16,,08-18
629,002613,北玻股份,-0.03,-279.87,,-1.74,,-2596.72,-333.21,,08-18
630,600310,桂东电力,0.01,-95.09,,0.21,,552.16,-95.11,,08-18
631,002097,山河智能,0.11,376.07,,3.35,,8413.94,376.97,,08-18
632,002160,常铝股份,0.09,56.67,,2.01,,6467.19,69.02,,08-18
633,002852,道道全,1.08,-37.21,,7.44,,9455.08,-26.77,10派4.1转7,08-18
634,600719,大连热电,0.04,-38.81,,2.25,,1655.68,-38.62,,08-18
635,002401,中远海科,0.11,1.91,,4.2,,3229.34,1.91,,08-18
636,000635,英力特,0.23,111.01,,2.43,,7108.1,115.58,,08-18
637,601116,三江购物,0.16,31.27,,4.08,,6605.7,31.32,,08-18
638,002578,闽发铝业,0.01,-50.0,,0.89,,1293.11,88.57,,08-18
639,002677,浙江美大,0.15,50.0,,8.9,,9916.34,51.04,,08-18
640,600361,华联综超,0.1,-190.91,,2.61,,6915.85,-198.2,,08-18
641,603528,多伦科技,0.11,-89.33,,4.77,,6581.76,-61.62,,08-18
642,600456,宝钛股份,-0.12,-42.15,,-1.54,,-5230.1,-42.16,,08-18
643,002237,恒邦股份,0.22,83.33,,5.03,,19744.88,77.59,,08-18
644,000526,*ST紫学,1.04,-972.83,,105.15,,10041.68,-972.72,,08-18
645,300167,迪威视讯,0.0,-107.4,,0.15,,111.04,-107.97,,08-18
646,000795,英洛华,0.05,84.0,,2.61,,5212.99,131.85,,08-18
647,300264,佳创视讯,-0.05,567.14,,-3.17,,-1931.02,563.66,,08-18
648,002526,山东矿机,0.03,-172.92,,0.88,,1497.17,-172.98,,08-18
649,601949,中国出版,0.03,-40.0,,,,3867.75,-51.13,,08-18
650,000925,众合科技,-0.08,129.51,,-2.32,,-2565.65,129.43,,08-18
651,002557,洽洽食品,0.29,-13.82,,4.97,,14851.65,-14.16,,08-18
652,603113,金能科技,0.6,500.0,,14.32,,36394.46,488.8,,08-18
653,603309,维力医疗,0.2,11.11,,4.56,,3975.61,12.52,,08-18
654,002755,东方新星,0.02,-157.5,,0.46,,235.38,-156.87,,08-18
655,600420,现代制药,0.32,4.28,,6.1,,35726.51,302.43,,08-18
656,002244,滨江集团,0.3,30.43,,6.94,,92041.6,36.52,,08-18
657,002843,泰嘉股份,0.16,-9.22,,3.96,,2192.94,14.9,,08-18
658,002303,美盈森,0.09,19.39,,3.58,,14436.21,28.7,,08-18
659,300001,特锐德,0.1,11.11,,3.57,,10226.78,7.61,,08-18
660,002449,国星光电,0.32,62.44,,5.2,,15370.32,62.44,,08-18
661,000862,银星能源,-0.02,-84.57,,-0.13,,-1461.53,-79.78,,08-18
662,600097,开创国际,-0.13,-77.59,,-3.37,,-2710.34,-77.06,,08-18
663,002642,荣之联,-0.03,-182.08,,-0.58,,-2201.89,-181.85,,08-18
664,002664,信质电机,0.32,10.37,,7.42,,12857.19,10.37,,08-18
665,603318,派思股份,0.07,2233.33,,5.39,,2581.81,2296.28,,08-18
666,002694,顾地科技,0.01,-50.0,,0.64,,627.61,-23.59,,08-18
667,002723,金莱特,0.06,36.77,,1.83,,1186.7,36.69,,08-18
668,603566,普莱柯,0.19,-60.42,,4.13,,6193.85,-31.33,,08-18
669,600490,鹏欣资源,0.06,442.61,,1.95,,11315.81,498.35,,08-18
670,300603,立昂技术,0.37,85.8,,10.28,,3650.15,138.26,,08-18
671,002241,歌尔股份,0.23,-25.81,,6.46,,71884.22,51.57,,08-18
672,600760,中航黑豹,-0.08,-33.33,,-6.38,,-2714.67,-34.53,,08-18
673,600908,无锡银行,0.28,0.0,,5.88,1.03,52182.0,10.41,,08-18
674,300211,亿通科技,0.01,-60.18,,0.55,,272.9,-60.16,,08-18
675,600062,华润双鹤,0.6,0.12,,7.51,,52080.81,20.13,,08-18
676,600111,北方稀土,0.03,258.14,,1.33,,11196.06,258.27,,08-18
677,000937,冀中能源,0.16,6111.54,,3.01,,57054.6,6128.65,,08-18
678,600176,中国巨石,0.34,10.05,,8.87,,100631.72,32.08,,08-18
679,603067,振华股份,0.23,-17.86,,4.76,,5078.91,10.4,,08-18
680,300397,天和防务,0.08,-193.92,,1.75,,2036.69,-193.85,,08-18
681,603505,金石资源,0.17,6.25,,6.21,,3386.5,21.28,,08-18
682,600387,海越股份,0.0,-101.88,,0.09,,101.88,-101.63,,08-18
683,000006,深振业A,0.18,144.58,,4.87,,24960.65,144.51,,08-18
684,000034,神州数码,0.31,-31.29,,7.42,,20382.09,-19.07,,08-18
685,300019,硅宝科技,0.06,-50.88,,2.54,,1846.58,-50.22,,08-18
686,000401,冀东水泥,-0.08,-88.08,,-1.12,,-11074.23,-88.06,,08-18
687,002347,泰尔股份,0.02,-58.39,,0.7,,858.82,-16.72,,08-18
688,000720,新能泰山,-0.12,483.17,,-12.69,,-10474.14,484.37,,08-18
689,002489,浙江永强,0.12,20.0,,7.56,,25023.91,10.19,,08-18
690,300257,开山股份,0.04,-27.18,,0.92,,3219.4,-27.13,,08-18
691,601799,星宇股份,0.82,14.14,,5.87,,22686.67,31.54,,08-18
692,300337,银邦股份,0.03,1096.43,,1.78,,2752.29,1077.86,,08-18
693,600282,南钢股份,0.3,730.79,,16.45,,120815.63,730.02,,08-18
694,600323,瀚蓝环境,0.41,20.59,,6.31,,31428.86,20.02,,08-18
695,002109,兴化股份,0.14,-209.45,,3.15,,10006.25,-314.41,,08-18
696,002776,柏堡龙,0.31,6.9,,3.53,,7451.13,22.96,,08-18
697,603667,五洲新春,0.27,-6.9,,4.63,,5383.39,20.39,,08-18
698,600517,置信电气,0.05,-66.67,,1.93,,6826.6,-65.88,,08-18
699,002326,永太科技,0.27,94.96,,8.94,,22077.77,99.11,,08-18
700,300034,钢研高纳,0.09,-17.72,,2.9,,3848.94,-17.18,,08-18
701,300064,豫金刚石,0.08,-31.73,,1.41,,9435.29,21.34,,08-18
702,600888,新疆众和,0.09,172.56,,2.19,,7198.92,253.9,,08-18
703,300491,通合科技,-0.05,-119.23,,-1.54,,-628.9,-133.52,,08-18
704,600527,江南高纤,0.03,229.55,,1.43,,2328.4,228.88,,08-18
705,603811,诚意药业,0.4,-23.08,,6.97,,3004.81,-10.03,,08-18
706,002336,人人乐,-0.34,-925.74,,-6.02,,-13474.86,-925.31,,08-18
707,300039,上海凯宝,0.18,-21.36,,8.47,,19451.31,1.59,10派1,08-18
708,600758,红阳能源,0.34,-303.11,,8.34,,45033.9,-300.6,,08-18
709,002365,永安药业,0.35,89.6,,5.87,,7138.26,106.78,,08-18
710,000547,航天发展,0.08,33.33,,2.22,,11583.77,27.14,,08-18
711,000615,京汉股份,-0.04,-63.0,,-1.71,,-2888.25,-62.45,,08-18
712,002426,胜利精密,0.09,-33.57,,3.78,,32163.74,-21.79,,08-18
713,300244,迪安诊断,0.33,32.0,,8.69,,18107.73,33.59,,08-18
714,601222,林洋能源,0.19,-62.0,,3.87,,33674.19,52.75,,08-18
715,002511,中顺洁柔,0.21,-2.58,,5.65,,15641.05,47.81,,08-18
716,600060,海信电器,0.3,-46.47,,2.96,,39602.41,-46.55,,08-18
717,000882,华联股份,0.01,-50.24,,0.43,,2694.84,-41.45,,08-18
718,300365,恒华科技,0.27,59.18,,6.32,,4759.65,59.97,,08-18
719,603040,新坐标,0.87,85.11,,9.95,,4381.62,105.16,,08-18
720,002799,环球印务,0.09,-43.75,,2.48,,1295.33,-19.38,,08-18
721,603728,鸣志电器,0.24,-7.63,,8.3,,7597.95,23.2,,08-18
722,603858,步长制药,0.99,0.57,,5.31,,67806.52,12.03,,08-18
723,002311,海大集团,0.33,32.0,,8.84,,51871.16,34.89,,08-18
724,600768,宁波富邦,-0.1,11.11,,-23.17,,-1336.88,10.52,,08-18
725,000502,绿景控股,-0.21,61.54,,-20.26,,-3904.77,68.42,,08-18
726,002459,天业通联,0.01,-6.67,,0.26,,328.05,-6.3,,08-18
727,601318,中国平安,2.43,6.58,23.29,10.6,-0.78,4342700.0,6.5,10派5,08-18
728,600078,澄星股份,0.03,-24.05,,1.1,,2017.38,-22.95,,08-18
729,002629,仁智股份,-0.03,-62.5,,-2.13,,-1418.77,-58.36,,08-18
730,002142,宁波银行,0.94,-11.32,9.55,10.15,-3.99,476549.0,15.14,,08-18
731,002833,弘亚数控,0.92,43.75,,15.98,,12276.22,92.2,,08-18
732,002293,罗莱生活,0.23,7.17,,5.78,,16163.42,7.16,,08-18
733,002321,华英农业,0.03,-75.2,,0.7,,1686.71,-75.21,,08-18
734,300129,泰胜风能,0.15,0.0,,4.91,,10832.2,1.34,,08-18
735,600818,中路股份,0.1,150.0,,4.98,,3067.62,128.76,,08-18
736,000790,泰合健康,0.03,-33.16,,1.67,,1120.15,-33.19,,08-18
737,601600,中国铝业,0.05,24900.0,,1.98,,75131.3,1207.81,,08-18
738,600145,*ST新亿,0.0,-68.75,,0.66,,407.19,-71.61,,08-18
739,603035,常熟汽饰,0.43,-20.37,,5.66,,12044.0,5.87,,08-18
740,300428,四通新材,0.15,-64.29,,5.63,,3612.83,5.36,,08-18
741,600336,澳柯玛,0.06,-36.73,,2.59,,4630.25,-27.9,,08-18
742,300528,幸福蓝海,0.18,-37.93,,3.49,,6545.1,-1.42,,08-18
743,300606,金太阳,0.29,9.19,,6.69,,2594.1,46.01,,08-18
744,002820,桂发祥,0.39,-25.0,,4.97,,5046.67,0.64,,08-18
745,300641,正丹股份,0.32,-13.51,,9.34,,7612.71,-4.67,,08-18
746,002891,中宠股份,0.57,32.56,4.6,12.84,0.82,4296.15,32.11,,08-18
747,002391,长青股份,0.34,13.71,,4.05,,12089.08,12.47,,08-18
748,600839,四川长虹,0.03,-66.53,,1.21,,15452.5,-66.55,,08-18
749,300282,汇冠股份,0.21,18.07,,2.4,,5188.32,27.33,,08-18
750,600113,浙江东日,0.13,-18.75,,7.06,,4167.52,-19.12,,08-18
751,000987,越秀金控,0.12,-13.43,,2.05,,25764.0,15.87,,08-18
752,002733,雄韬股份,0.18,-5.26,,2.58,,5806.78,2.01,,08-18
753,600449,宁夏建材,0.24,-377.46,,2.65,,11324.16,-373.94,,08-18
754,300575,中旗股份,0.87,17.57,,6.82,,6381.55,56.07,,08-18
755,002195,二三四五,0.14,16.67,,6.65,,45302.79,95.19,,08-18
756,300615,欣天科技,0.25,-52.32,,5.22,,2021.33,-35.92,,08-18
757,603727,博迈科,0.4,-29.82,,3.87,,9425.66,-6.32,,08-18
758,002338,奥普光电,0.11,-50.0,,3.42,,2642.93,1.3,,08-18
759,300102,乾照光电,0.14,-1742.05,,3.99,,10179.65,-1748.59,,08-18
760,600796,钱江生化,0.12,46.25,,5.71,,3532.92,47.88,,08-18
761,002428,云南锗业,0.0,-107.14,,0.18,,260.02,-107.12,,08-18
762,000713,丰乐种业,-0.08,460.56,,-1.73,,-2379.38,459.32,,08-18
763,000766,通化金马,0.13,24.52,,2.95,,12468.26,35.71,,08-18
764,002482,广田集团,0.14,27.27,,3.46,,21538.81,31.9,,08-18
765,601313,江南嘉捷,0.07,-70.99,,1.55,,2613.09,-70.55,,08-18
766,600211,西藏药业,0.37,-12.74,,5.29,,5817.19,-5.73,10派3.32,08-17
767,002121,科陆电子,0.1,67.96,,3.72,,13478.37,83.3,,08-17
768,002757,南兴装备,0.49,77.24,,6.69,,5356.46,77.22,,08-17
769,300562,乐心医疗,-0.08,-109.88,,-2.94,,-1482.36,-141.61,,08-17
770,000682,东方电子,0.03,16.02,,1.65,,2619.54,15.7,,08-17
771,600050,中国联通,0.04,73.93,,1.0,,77843.73,74.34,,08-17
772,300366,创意信息,0.11,108.17,,2.13,,6030.93,393.17,,08-17
773,300536,农尚环境,0.27,-22.86,,5.16,,2558.07,5.76,,08-17
774,002278,神开股份,-0.03,-62.5,,-0.99,,-1054.15,-61.94,,08-17
775,601069,西部黄金,0.15,42.75,,5.29,,9261.24,42.76,,08-17
776,300412,迦南科技,0.09,-59.09,,3.1,,2309.75,-9.4,,08-17
777,002206,海利得,0.14,-57.58,,5.98,,16898.6,15.42,,08-17
778,002258,利尔化学,0.28,47.37,,7.08,,14935.67,52.44,10派1,08-17
779,600720,祁连山,0.24,-1092.92,,3.73,,18497.01,-1092.46,,08-17
780,002738,中矿资源,0.1,9.96,,2.92,,1890.7,13.1,,08-17
781,000510,金路集团,0.06,336.76,,4.4,,3618.93,337.97,,08-17
782,300199,翰宇药业,0.17,41.67,,4.35,,16024.22,44.83,,08-17
783,300300,汉鼎宇佑,0.1,62.7,,2.08,,4588.48,83.06,,08-17
784,603557,起步股份,0.24,26.32,2.33,10.4,0.17,10149.09,24.75,,08-17
785,300055,万邦达,0.24,31.04,,3.68,,20568.66,45.65,,08-17
786,300440,运达科技,0.15,-30.42,,4.87,,6685.49,40.77,,08-17
787,600315,上海家化,0.32,-41.82,,4.02,,21624.23,-41.93,,08-17
788,600251,冠农股份,0.1,667.19,,4.0,,7705.27,664.17,,08-17
789,600328,兰太实业,0.27,173.2,,5.63,,11627.48,173.79,,08-17
790,300587,天铁股份,0.27,-43.75,,3.56,,2854.98,-24.08,,08-17
791,002810,山东赫达,0.29,-14.71,,4.35,,2806.1,15.82,,08-17
792,600890,中房股份,-0.03,5.0,,-6.58,,-1821.65,8.23,,08-17
793,002530,金财互联,0.16,433.33,,2.11,,7905.87,954.66,,08-17
794,603129,春风动力,0.61,52.5,4.51,14.47,0.83,6065.18,49.92,,08-17
795,002643,万润股份,0.24,-56.36,,5.43,,21366.31,15.32,,08-17
796,603656,泰禾光电,0.31,-11.43,,4.9,,2842.8,1.96,,08-17
797,600211,西藏药业,0.37,-12.74,,5.29,,5817.19,-5.73,10派3.32,08-17
798,000682,东方电子,0.03,16.02,,1.65,,2619.54,15.7,,08-17
799,600050,中国联通,0.04,73.93,,1.0,,77843.73,74.34,,08-17
800,002121,科陆电子,0.1,67.96,,3.72,,13478.37,83.3,,08-17
801,002757,南兴装备,0.49,77.24,,6.69,,5356.46,77.22,,08-17
802,300562,乐心医疗,-0.08,-109.88,,-2.94,,-1482.36,-141.61,,08-17
803,601069,西部黄金,0.15,42.75,,5.29,,9261.24,42.76,,08-17
804,300366,创意信息,0.11,108.17,,2.13,,6030.93,393.17,,08-17
805,300536,农尚环境,0.27,-22.86,,5.16,,2558.07,5.76,,08-17
806,002278,神开股份,-0.03,-62.5,,-0.99,,-1054.15,-61.94,,08-17
807,300412,迦南科技,0.09,-59.09,,3.1,,2309.75,-9.4,,08-17
808,002206,海利得,0.14,-57.58,,5.98,,16898.6,15.42,,08-17
809,002258,利尔化学,0.28,47.37,,7.08,,14935.67,52.44,10派1,08-17
810,600720,祁连山,0.24,-1092.92,,3.73,,18497.01,-1092.46,,08-17
811,002786,银宝山新,0.08,-33.33,,2.86,,3031.95,-32.81,,08-17
812,600385,山东金泰,-0.02,-200.0,,-3.5,,-262.12,-181.5,,08-16
813,300534,陇神戎发,0.05,-87.89,,1.96,,1391.73,-43.49,,08-16
814,600501,航天晨光,-0.02,100.0,,-0.45,,-994.69,95.34,,08-16
815,000779,三毛派神,0.19,-205.56,,14.78,,3493.45,-204.51,,08-16
816,300445,康斯特,0.11,34.7,,4.39,,1844.56,36.7,,08-16
817,603663,三祥新材,0.18,5.88,,5.4,,2353.81,36.09,,08-16
818,002345,潮宏基,0.19,11.76,,5.81,,16264.61,15.04,10派1,08-16
819,002445,中南文化,0.16,166.67,,3.36,,13251.59,191.2,,08-16
820,002080,中材科技,0.46,21.43,,4.57,,37354.06,37.05,,08-16
821,603806,福斯特,0.62,-43.64,,5.17,,24971.67,-43.49,,08-16
822,000606,神州易桥,-0.05,-330.73,,-1.39,,-3851.47,-423.39,,08-16
823,601020,华钰矿业,0.24,140.0,,7.77,,12422.26,157.9,,08-16
824,300241,瑞丰光电,0.16,63.21,,4.24,,4441.15,87.45,,08-16
825,603456,九洲药业,0.17,13.33,,2.83,,7340.82,92.95,,08-16
826,600535,天士力,0.7,11.1,,9.06,,75622.74,10.43,,08-16
827,300144,宋城演艺,0.36,21.01,,7.9,,52360.7,21.17,,08-16
828,600117,西宁特钢,0.01,-102.04,,0.38,,1085.56,-103.01,,08-16
829,002653,海思科,0.13,-40.91,,5.93,,13845.34,-41.74,,08-16
830,002166,莱茵生物,0.16,166.67,,8.1,,7136.53,164.08,,08-16
831,600884,杉杉股份,0.3,50.25,,4.05,,33904.95,61.85,,08-16
832,000731,四川美丰,0.14,-289.62,,3.4,,8532.68,-289.54,,08-16
833,000856,冀东装备,0.02,-91.67,,1.66,,490.84,-91.01,,08-16
834,600256,广汇能源,0.02,61.54,,0.98,,10970.42,61.81,,08-16
835,002077,大港股份,-0.03,-200.0,,-0.39,,-1499.6,-240.52,,08-16
836,600725,ST云维,0.0,-100.37,,1.37,,211.15,-100.75,,08-16
837,603001,奥康国际,0.44,-17.25,,4.18,,17501.15,-17.25,,08-16
838,603330,上海天洋,0.15,-75.0,,1.63,,840.72,-68.91,,08-16
839,002759,天际股份,0.3,170.64,,3.95,,13460.79,404.6,,08-16
840,002805,丰元股份,0.15,-25.0,,2.59,,1413.01,-2.89,,08-16
841,603868,飞科电器,0.87,42.62,,17.82,,37899.07,53.93,,08-16
842,603118,共进股份,0.18,-70.0,,3.12,,13514.65,-24.69,,08-16
843,603200,上海洗霸,0.49,8.89,,6.59,,2853.42,15.78,,08-16
844,603311,金海环境,0.24,9.09,,7.36,,5053.77,11.03,,08-16
845,603398,邦宝益智,0.14,0.0,,4.81,,2864.8,-3.3,,08-16
846,300559,佳发安泰,0.33,-40.49,,3.95,,2350.18,-20.74,,08-16
847,300636,同和药业,0.48,4.35,,7.37,,3338.89,21.77,,08-16
848,002267,陕天然气,0.23,-34.43,,4.62,,25196.01,-34.44,,08-16
849,000059,华锦股份,0.52,-8.39,,7.48,,82917.31,-8.4,,08-16
850,000417,合肥百货,0.23,-4.23,,4.82,,17648.63,-4.24,,08-16
851,600385,山东金泰,-0.02,-200.0,,-3.5,,-262.12,-181.5,,08-16
852,300534,陇神戎发,0.05,-87.89,,1.96,,1391.73,-43.49,,08-16
853,600501,航天晨光,-0.02,100.0,,-0.45,,-994.69,95.34,,08-16
854,000779,三毛派神,0.19,-205.56,,14.78,,3493.45,-204.51,,08-16
855,300445,康斯特,0.11,34.7,,4.39,,1844.56,36.7,,08-16
856,603663,三祥新材,0.18,5.88,,5.4,,2353.81,36.09,,08-16
857,002345,潮宏基,0.19,11.76,,5.81,,16264.61,15.04,10派1,08-16
858,002080,中材科技,0.46,21.43,,4.57,,37354.06,37.05,,08-16
859,603806,福斯特,0.62,-43.64,,5.17,,24971.67,-43.49,,08-16
860,000606,神州易桥,-0.05,-330.73,,-1.39,,-3851.47,-423.39,,08-16
861,002445,中南文化,0.16,166.67,,3.36,,13251.59,191.2,,08-16
862,300241,瑞丰光电,0.16,63.21,,4.24,,4441.15,87.45,,08-16
863,603456,九洲药业,0.17,13.33,,2.83,,7340.82,92.95,,08-16
864,600535,天士力,0.7,11.1,,9.06,,75622.74,10.43,,08-16
865,300144,宋城演艺,0.36,21.01,,7.9,,52360.7,21.17,,08-16
866,601020,华钰矿业,0.24,140.0,,7.77,,12422.26,157.9,,08-16
867,600117,西宁特钢,0.01,-102.04,,0.38,,1085.56,-103.01,,08-16
868,002653,海思科,0.13,-40.91,,5.93,,13845.34,-41.74,,08-16
869,002166,莱茵生物,0.16,166.67,,8.1,,7136.53,164.08,,08-16
870,000856,冀东装备,0.02,-91.67,,1.66,,490.84,-91.01,,08-16
871,600256,广汇能源,0.02,61.54,,0.98,,10970.42,61.81,,08-16
872,002077,大港股份,-0.03,-200.0,,-0.39,,-1499.6,-240.52,,08-16
873,600725,ST云维,0.0,-100.37,,1.37,,211.15,-100.75,,08-16
874,600884,杉杉股份,0.3,50.25,,4.05,,33904.95,61.85,,08-16
875,000731,四川美丰,0.14,-289.62,,3.4,,8532.68,-289.54,,08-16
876,300272,开能环保,0.1,-7.14,,5.61,,3885.65,12.08,,08-15
877,002610,爱康科技,0.01,-80.0,,0.9,,5087.0,20.72,,08-15
878,603444,吉比特,4.17,-24.04,,15.08,,29935.21,2.13,,08-15
879,300609,汇纳科技,0.11,118.8,,2.95,,1094.06,214.52,,08-15
880,601016,节能风电,0.06,-23.61,,3.57,,22965.86,53.23,,08-15
881,000905,厦门港务,0.12,-25.0,,2.43,,6385.15,-23.09,,08-15
882,002061,江山化工,0.32,966.67,,8.94,,19494.65,1121.64,,08-15
883,002196,方正电机,0.13,-32.63,,2.4,,5686.88,15.93,,08-15
884,603936,博敏电子,0.22,40.65,,3.83,,3644.3,40.2,,08-15
885,300149,量子高科,0.08,2.63,,4.18,,3279.54,2.61,,08-15
886,601388,怡球资源,0.09,-550.0,,7.88,,17904.44,-1601.47,,08-15
887,600217,中再资环,0.08,300.0,,7.79,,10384.47,305.94,,08-15
888,300377,赢时胜,0.07,-15.7,,1.93,,5009.9,143.95,,08-15
889,300416,苏试试验,0.18,12.5,,4.67,,2312.17,17.9,,08-15
890,600520,中发科技,-0.02,-55.03,,-0.66,,-282.96,-55.13,,08-15
891,603879,永悦科技,0.15,-21.05,,8.16,,2224.48,7.61,,08-15
892,300024,机器人,0.11,0.0,,3.13,,17674.94,6.67,,08-15
893,600982,宁波热电,0.08,67.06,,2.96,,6329.48,67.11,,08-15
894,600051,宁波联合,0.12,8.33,,1.83,,3595.05,8.99,,08-15
895,300271,华宇软件,0.24,20.0,,8.33,,15641.95,25.17,,08-15
896,002188,巴士在线,0.07,75.0,,1.01,,2127.93,75.05,,08-15
897,002790,瑞尔特,0.51,4.08,,5.98,,8177.3,4.6,,08-15
898,000070,特发信息,0.17,-32.52,,5.91,,10592.87,34.99,,08-15
899,002450,康得新,0.36,27.3,,7.74,,125494.16,39.73,,08-15
900,601100,恒立液压,0.26,420.0,,4.57,,16168.3,471.11,,08-15
901,603228,景旺电子,0.77,13.24,,10.56,,31587.68,29.17,10派2,08-15
902,300502,新易盛,0.27,-61.97,,6.1,,6265.86,29.27,,08-15
903,002398,建研集团,0.23,-8.0,,3.62,,7843.67,-9.58,,08-15
904,300224,正海磁材,-0.02,-114.29,,-0.53,,-1496.94,-120.54,,08-15
905,002493,荣盛石化,0.29,0.0,,8.34,,110308.23,51.67,,08-15
906,000831,五矿稀土,0.03,-172.7,,1.32,,2641.96,-173.23,,08-15
907,600123,兰花科创,0.45,-380.08,,5.74,,51070.62,-380.08,,08-15
908,002033,丽江旅游,0.18,-33.76,,4.53,,9993.03,-13.91,,08-15
909,002501,利源精制,0.27,-6.9,,4.36,,31307.24,13.58,,08-15
910,603033,三维股份,0.17,-70.18,,1.97,,2174.57,-44.16,,08-15
911,600226,瀚叶股份,0.13,-7.14,,6.46,,18960.51,27.18,10转4,08-15
912,600529,山东药玻,0.44,29.99,,4.26,,13211.42,53.32,,08-15
913,600740,山西焦化,0.03,-123.05,,0.97,,1989.03,-123.03,,08-15
914,002512,达华智能,0.03,-8.06,,0.99,,2754.63,-7.96,,08-15
915,000895,双汇发展,0.58,-11.46,,13.74,,190405.49,-11.5,,08-15
916,002648,卫星石化,0.6,3022.28,,13.49,,48417.89,3029.28,,08-15
917,300436,广生堂,0.19,-34.01,,4.87,,2725.99,-33.11,,08-15
918,300612,宣亚国际,0.27,-43.75,,7.48,,2722.0,4.22,,08-15
919,600538,国发股份,-0.03,-0.0,,-2.02,,-1302.4,5.18,,08-15
920,300101,振芯科技,0.04,-44.96,,2.9,,2455.89,-45.01,,08-15
921,600794,保税科技,-0.07,-411.74,,-4.41,,-8691.94,-422.22,,08-15
922,002395,双象股份,0.06,-43.02,,1.36,,1145.54,-43.06,,08-15
923,002519,银河电子,0.08,-69.23,,2.46,,9085.28,-38.74,,08-15
924,603288,海天味业,0.68,23.64,,18.19,,182318.79,22.7,,08-15
925,600460,士兰微,0.07,250.0,,3.35,,8442.55,243.77,,08-15
926,600814,杭州解百,0.12,-20.0,,3.88,,8753.29,-20.55,,08-15
927,600868,梅雁吉祥,0.06,179.23,,4.66,,10979.36,179.07,,08-15
928,300265,通光线缆,0.12,-42.86,,4.37,,4199.26,-39.42,,08-15
929,601952,苏垦农发,0.32,10.34,,8.89,,26704.73,14.67,,08-15
930,002756,永兴特钢,0.46,24.32,,5.33,,16657.45,25.84,,08-15
931,002186,全聚德,0.25,8.69,,5.21,,7680.01,8.68,,08-15
932,603898,好莱客,0.37,54.17,,9.0,,10836.11,56.05,,08-15
933,002297,博云新材,-0.03,-53.1,,-0.75,,-1180.6,-47.65,,08-15
934,300138,晨光生物,0.22,12.19,,5.06,,7851.59,53.87,,08-15
935,300169,天晟新材,0.01,-35.04,,0.2,,248.28,-35.12,,08-15
936,600988,赤峰黄金,0.11,-8.33,,3.15,,7913.75,-11.12,10转10,08-15
937,300498,温氏股份,0.35,-79.11,,6.09,,181021.05,-74.95,,08-15
938,603637,镇海股份,0.13,-65.79,,2.53,,1635.96,-44.28,,08-15
939,000096,广聚能源,0.18,17.81,,4.15,,9643.48,17.83,,08-15
940,000423,东阿阿胶,1.38,8.74,,10.6,,90147.04,8.75,,08-15
941,300145,中金环境,0.21,-9.74,,5.97,,24954.99,62.78,,08-15
942,002488,金固股份,-0.12,33.33,,-2.87,,-6505.07,43.85,,08-15
943,300582,英飞特,0.12,-67.57,,6.04,,2385.83,-35.69,,08-15
944,002802,洪汇新材,0.35,12.9,,6.71,,3800.4,52.87,,08-15
945,000026,飞亚达A,0.2,43.29,,3.65,,8670.88,43.29,,08-15
946,300122,智飞生物,0.11,1000.0,,6.6,,17179.01,1326.96,,08-15
947,002438,江苏神通,0.05,-54.55,,1.69,,2585.44,6.19,,08-15
948,600330,天通股份,0.12,8.04,,2.75,,10047.13,8.1,,08-15
949,300487,蓝晓科技,0.27,-12.9,,7.21,,5362.23,115.41,,08-15
950,603389,亚振家居,0.1,-23.08,,2.67,,2295.89,5.97,,08-15
951,300519,新光药业,0.64,-32.69,,7.72,,5138.67,-9.92,,08-15
952,002884,凌霄泵业,1.32,3.94,,13.37,,7640.3,3.46,,08-15
953,300274,阳光电源,0.26,-23.53,,5.94,,36913.7,63.99,,08-15
954,600171,上海贝岭,0.2,382.93,,7.01,,13366.05,382.96,,08-15
955,002221,东华能源,0.3,150.04,,7.09,,48655.48,192.41,,08-15
956,600572,康恩贝,0.15,25.41,,8.56,,38456.49,25.24,,08-15
957,300207,欣旺达,0.14,-41.67,,7.7,,18212.3,23.78,,08-15
958,601326,秦港股份,0.12,300.0,2.4,5.25,0.3,61703.87,349.2,,08-15
959,300285,国瓷材料,0.19,-5.0,,6.51,,11330.36,108.9,,08-15
960,600520,中发科技,-0.02,-55.03,,-0.66,,-282.96,-55.13,,08-15
961,603879,永悦科技,0.15,-21.05,,8.16,,2224.48,7.61,,08-15
962,300024,机器人,0.11,0.0,,3.13,,17674.94,6.67,,08-15
963,600982,宁波热电,0.08,67.06,,2.96,,6329.48,67.11,,08-15
964,601388,怡球资源,0.09,-550.0,,7.88,,17904.44,-1601.47,,08-15
965,300271,华宇软件,0.24,20.0,,8.33,,15641.95,25.17,,08-15
966,002188,巴士在线,0.07,75.0,,1.01,,2127.93,75.05,,08-15
967,002790,瑞尔特,0.51,4.08,,5.98,,8177.3,4.6,,08-15
968,000070,特发信息,0.17,-32.52,,5.91,,10592.87,34.99,,08-15
969,002450,康得新,0.36,27.3,,7.74,,125494.16,39.73,,08-15
970,600051,宁波联合,0.12,8.33,,1.83,,3595.05,8.99,,08-15
971,603228,景旺电子,0.77,13.24,,10.56,,31587.68,29.17,10派2,08-15
972,300502,新易盛,0.27,-61.97,,6.1,,6265.86,29.27,,08-15
973,002398,建研集团,0.23,-8.0,,3.62,,7843.67,-9.58,,08-15
974,601100,恒立液压,0.26,420.0,,4.57,,16168.3,471.11,,08-15
975,000799,酒鬼酒,0.25,113.67,,4.34,,8277.14,113.62,,08-14
976,002572,索菲亚,0.32,-29.71,,7.49,,29426.23,47.16,,08-14
977,002740,爱迪尔,0.09,50.0,,2.15,,3121.84,72.2,,08-14
978,000756,新华制药,0.23,130.0,,5.19,,10677.5,132.79,,08-14
979,002879,长缆科技,0.66,6.45,,9.12,,6776.85,6.62,,08-14
980,603508,思维列控,0.47,4.44,,3.06,,7593.8,4.66,,08-14
981,002521,齐峰新材,0.19,26.67,,2.69,,9222.16,22.2,,08-12
982,603377,东方时尚,0.27,-6.9,,6.69,,11285.33,-1.88,,08-12
983,002742,三圣股份,0.59,107.75,,9.42,,12722.03,107.15,10转10,08-12
984,600141,兴发集团,0.16,128.57,,1.67,,10963.25,217.28,,08-12
985,002006,精功科技,0.06,-14.29,,2.92,,2761.49,-7.05,,08-12
986,600266,北京城建,0.17,-39.24,,1.36,,26426.68,-39.23,,08-12
987,000985,大庆华科,0.13,66.67,,3.12,,1623.64,67.72,,08-12
988,600238,海南椰岛,-0.02,-80.14,1.91,-0.82,-0.17,-706.46,-84.35,,08-12
989,002194,武汉凡谷,-0.42,-1224.93,,-12.47,,-23441.13,-1242.61,,08-12
990,603758,秦安股份,0.32,10.34,,6.98,,11968.98,7.92,,08-12
991,000783,长江证券,0.18,-25.0,,3.86,,99501.54,-10.75,,08-12
992,300202,聚龙股份,0.03,16.47,,0.87,,1594.83,16.66,,08-12
993,601158,重庆水务,0.21,31.25,,7.47,,102427.16,35.32,,08-12
994,603005,晶方科技,0.23,109.09,,3.1,,5251.99,102.6,,08-12
995,300569,天能重工,0.34,-80.6,,3.09,,5067.49,-53.75,,08-12
996,002138,顺络电子,0.23,-4.17,,6.31,,17382.35,-0.8,10派2,08-12
997,600396,金山股份,-0.09,-172.46,,-3.62,,-12831.53,-172.5,,08-12
998,600812,华北制药,0.02,5.56,,0.58,,3079.2,2.23,,08-12
999,300254,仟源医药,0.1,-11.35,,2.61,,2130.95,6.38,,08-12
1000,600131,岷江水电,0.08,-69.39,,3.53,,3760.3,-69.59,,08-12
1001,600482,中国动力,0.32,-11.11,,2.2,,56071.97,21.53,,08-12
1002,000932,*ST华菱,0.32,-201.12,,14.24,,95626.17,-201.13,,08-12
1003,300433,蓝思科技,0.12,-0.34,,2.31,,31106.01,25.87,,08-12
1004,600846,同济科技,0.09,28.57,,2.78,,5376.98,19.42,,08-12
1005,002477,雏鹰农牧,0.15,1.31,,8.58,,46033.3,1.34,,08-12
1006,002547,春兴精工,0.05,-44.44,,1.4,,4810.89,-47.83,,08-12
1007,600318,新力金融,0.08,-75.76,,3.04,,3965.77,-50.35,,08-12
1008,600455,博通股份,-0.02,-76.0,,-1.19,,-147.31,-76.49,,08-12
1009,000166,申万宏源,0.1,-28.57,,3.84,,204996.49,-2.57,,08-12
1010,600680,*ST上普,-0.36,-9125.0,,-18.88,,-13790.75,-8658.32,,08-12
1011,300313,天山生物,0.01,-105.61,,0.46,,167.97,-105.61,,08-12
1012,600308,华泰股份,0.25,314.75,,4.44,,29568.12,318.4,,08-12
1013,603626,科森科技,0.3,-35.23,,4.62,,5736.46,-20.84,10转4,08-12
1014,300401,花园生物,0.41,355.56,,9.56,,7518.89,378.01,,08-12
1015,000018,神州长城,0.16,33.33,,14.39,,26860.65,32.78,,08-12
1016,300045,华力创通,0.04,37.31,,2.0,,2010.31,40.96,,08-12
1017,600860,*ST京城,-0.1,-33.33,,-8.46,,-4405.0,-29.14,,08-12
1018,600966,博汇纸业,0.3,516.26,,9.38,,40536.85,516.88,,08-12
1019,002523,天桥起重,0.04,0.0,,2.26,,4201.1,15.77,,08-12
1020,000932,*ST华菱,0.32,-201.12,,14.24,,95626.17,-201.13,,08-12
1021,300433,蓝思科技,0.12,-0.34,,2.31,,31106.01,25.87,,08-12
1022,600846,同济科技,0.09,28.57,,2.78,,5376.98,19.42,,08-12
1023,002547,春兴精工,0.05,-44.44,,1.4,,4810.89,-47.83,,08-12
1024,600318,新力金融,0.08,-75.76,,3.04,,3965.77,-50.35,,08-12
1025,600455,博通股份,-0.02,-76.0,,-1.19,,-147.31,-76.49,,08-12
1026,000166,申万宏源,0.1,-28.57,,3.84,,204996.49,-2.57,,08-12
1027,600680,*ST上普,-0.36,-9125.0,,-18.88,,-13790.75,-8658.32,,08-12
1028,600230,沧州大化,2.23,-3000.0,,35.95,,65608.19,-2999.73,,08-11
1029,300105,龙源技术,,,,0.07,,130.08,-102.96,,08-11
1030,601128,常熟银行,0.26,0.0,,5.71,,57095.4,8.16,,08-11
1031,002442,龙星化工,0.08,-523.5,,3.68,,4063.78,-524.06,,08-11
1032,000802,北京文化,0.05,186.02,,0.88,,3865.74,279.44,,08-11
1033,002274,华昌化工,0.05,138.5,,1.13,,3028.73,139.02,,08-11
1034,300322,硕贝德,0.02,-83.33,,1.33,,789.31,-84.44,,08-11
1035,600312,平高电气,0.26,-43.66,,3.86,,35021.08,-33.28,,08-11
1036,603345,安井食品,0.52,-17.46,,7.36,,10359.84,1.95,,08-11
1037,603933,睿能科技,1.09,98.74,,19.92,,8370.36,98.72,,08-11
1038,002310,东方园林,0.17,-41.38,,4.98,,46766.2,57.33,,08-11
1039,600015,华夏银行,0.7,-23.91,10.82,6.59,-3.09,983600.0,0.1,,08-11
1040,600249,两面针,-0.11,-24.44,,-3.01,,-5901.59,-24.45,,08-11
1041,300020,银江股份,0.13,-58.06,,2.75,,8439.3,-58.26,,08-11
1042,300052,中青宝,0.05,150.0,,1.07,,1204.06,190.51,,08-11
1043,002564,天沃科技,0.12,-481.99,,3.58,,9058.57,-480.68,,08-11
1044,603929,亚翔集成,0.38,-46.48,,8.8,,8122.76,-28.34,,08-11
1045,600703,三安光电,0.37,-2.63,,8.33,,151481.79,56.76,,08-11
1046,600074,保千里,0.15,0.0,,8.08,,36829.18,9.53,,08-11
1047,300375,鹏翎股份,0.35,2.94,,5.05,,6496.37,4.34,,08-11
1048,000798,中水渔业,0.01,-111.13,,0.38,,270.0,-111.07,,08-11
1049,600563,法拉电子,0.84,6.38,,9.54,,18955.26,6.37,,08-11
1050,002731,萃华珠宝,0.29,314.29,,3.78,,4345.49,307.13,,08-11
1051,600576,万家文化,0.06,1.67,,2.27,,3875.54,5.91,,08-11
1052,000001,平安银行,0.68,-5.56,11.15,6.21,-7.47,1255400.0,2.13,,08-11
1053,600071,凤凰光学,-0.08,-42.7,,-4.87,,-1855.12,-42.69,,08-11
1054,300479,神思电子,0.05,9.0,,2.15,,872.19,8.81,,08-11
1055,300047,天源迪科,0.03,263.95,,0.57,,1121.1,303.23,,08-11
1056,000968,蓝焰控股,0.29,-126.76,,16.68,,24969.08,-144.85,,08-11
1057,002146,荣盛发展,0.39,30.0,,6.87,,168459.36,29.3,,08-11
1058,300590,移为通信,0.29,-55.36,,6.71,,4421.1,14.09,,08-11
1059,002515,金字火腿,0.02,-33.33,,1.33,,1820.93,4.24,,08-11
1060,000908,景峰医药,0.07,-50.37,,2.42,,5870.23,-50.56,,08-11
1061,000949,新乡化纤,0.04,18.24,,1.36,,4887.77,44.65,,08-11
1062,300620,光库科技,0.33,3.58,,8.22,,2536.6,20.85,,08-11
1063,002226,江南化工,0.07,30.32,,1.72,,6304.5,50.18,,08-11
1064,000023,深天地A,0.14,147.23,,4.87,,1917.99,147.18,,08-11
1065,000921,海信科龙,0.49,19.51,,13.09,,67209.89,20.17,,08-11
1066,300451,创业软件,0.14,-1500.0,,1.83,,3268.62,-1155.93,,08-11
1067,002837,英维克,0.2,-68.25,,6.42,,3994.15,6.05,,08-11
1068,603881,数据港,0.28,16.67,,7.47,,5636.91,47.6,,08-11
1069,000413,东旭光电,0.13,-7.14,,2.84,,63585.58,16.46,,08-11
1070,300164,通源石油,0.01,-131.83,,0.27,,407.85,-134.88,,08-11
1071,002092,中泰化学,0.58,230.13,,8.11,,124436.02,357.08,,08-10
1072,002821,凯莱英,0.55,-44.44,,6.85,,12480.27,40.19,,08-10
1073,600569,安阳钢铁,0.01,-69.23,,0.57,,2776.3,-70.59,,08-10
1074,300215,电科院,0.07,250.0,,2.65,,5104.31,246.74,,08-10
1075,002675,东诚药业,0.1,-58.67,,2.58,,7285.52,31.88,,08-10
1076,002225,濮耐股份,0.06,0.0,,2.35,,5579.64,11.21,,08-10
1077,603025,大豪科技,0.4,48.15,,12.03,,17752.37,46.04,,08-10
1078,603101,汇嘉时代,0.27,33.55,,5.2,,6449.83,68.73,,08-10
1079,002681,奋达科技,0.1,4.63,,4.49,,12969.87,5.61,,08-10
1080,000521,美菱电器,0.09,-38.82,,1.79,,9207.5,-16.29,,08-10
1081,002408,齐翔腾达,0.18,125.0,,5.36,,32325.64,141.93,,08-10
1082,603025,大豪科技,0.4,48.15,,12.03,,17752.37,46.04,,08-10
1083,603101,汇嘉时代,0.27,33.55,,5.2,,6449.83,68.73,,08-10
1084,002681,奋达科技,0.1,4.63,,4.49,,12969.87,5.61,,08-10
1085,603380,易德龙,0.32,18.52,,16.72,,3848.08,18.03,,08-10
1086,600551,时代出版,0.3,-34.75,,3.01,,15314.58,-34.76,10派2.39,08-10
1087,603429,集友股份,0.59,48.91,,9.24,,3819.41,90.26,10转10,08-10
1088,603688,石英股份,0.12,-14.49,,3.44,,4199.3,28.84,,08-10
1089,600567,山鹰纸业,0.18,356.03,,9.39,,82623.05,450.95,,08-10
1090,603007,花王股份,0.22,-56.86,,8.37,,7285.21,41.54,,08-10
1091,300437,清水源,0.13,44.46,,2.38,,2843.91,68.78,,08-10
1092,300195,长荣股份,0.19,-9.52,,2.26,,7336.19,4.32,10派4.5,08-10
1093,300258,精锻科技,0.31,35.11,,8.27,,12496.72,35.11,,08-10
1094,603019,中科曙光,0.11,10.0,,2.32,,6774.09,10.05,,08-10
1095,603180,金牌厨柜,0.88,98.95,,12.7,,4625.12,107.91,,08-10
1096,002657,中科金财,0.27,0.0,,3.29,,9271.53,1.93,,08-10
1097,002148,北纬科技,0.14,55.56,,6.87,,7765.46,243.73,,08-10
1098,600423,*ST柳化,-0.22,-63.33,,,,-8791.68,-63.28,,08-10
1099,603339,四方冷链,0.33,10.0,,5.1,,6917.06,38.79,,08-10
1100,600644,乐山电力,0.11,-63.31,,4.84,,6064.18,-63.29,,08-10
1101,300159,新研股份,0.06,403.28,,1.56,,9143.7,402.15,,08-10
1102,600975,新五丰,0.06,-72.73,,3.31,,4113.32,-71.16,,08-10
1103,600549,厦门钨业,0.42,561.77,,6.75,,45304.47,562.12,,08-10
1104,600778,友好集团,-0.63,108.24,,-17.74,,-19529.97,108.24,,08-10
1105,000667,美好置业,0.12,9.84,,4.54,,30001.79,9.8,,08-10
1106,603032,德新交运,0.09,-73.53,,2.92,,1244.63,-63.43,,08-10
1107,600301,ST南化,-0.04,-36.17,,-3.57,,-934.59,-36.09,,08-10
1108,603679,华体科技,0.21,23.54,,5.89,,1590.18,23.56,,08-10
1109,603928,兴业股份,0.24,-38.46,,4.57,,4834.76,-18.23,,08-10
1110,000301,东方市场,0.12,63.04,,4.09,,14464.62,61.25,,08-10
1111,002548,金新农,0.17,-24.27,,3.79,,6345.2,-23.37,,08-10
1112,300623,捷捷微电,0.78,11.62,,8.82,,7267.45,49.25,,08-10
1113,002230,科大讯飞,0.08,-60.0,,1.44,,10728.36,-58.11,,08-10
1114,000416,民生控股,0.03,-521.88,,1.64,,1435.77,-519.87,,08-10
1115,002353,杰瑞股份,0.03,-72.73,,0.39,,3036.57,-71.68,,08-10
1116,000737,南风化工,-0.29,117.21,,-178.0,,-15997.41,117.29,,08-10
1117,600084,中葡股份,-0.04,1.19,,-1.98,,-4774.91,1.27,,08-10
1118,603028,赛福天,0.09,-18.18,,2.75,,1880.76,-13.79,,08-10
1119,002838,道恩股份,0.37,-44.78,,5.97,,4696.04,10.96,,08-10
1120,000421,南京公用,0.12,-43.6,,2.76,,6684.52,-43.57,,08-10
1121,600382,广东明珠,0.36,0.0,,3.44,,16717.47,36.99,,08-10
1122,002462,嘉事堂,0.57,23.91,,6.96,,14281.49,23.13,,08-10
1123,600664,哈药股份,0.14,-6.67,,4.7,,34755.12,-8.22,,08-10
1124,603036,如通股份,0.07,-61.11,,1.53,,1467.59,-46.41,,08-09
1125,600269,赣粤高速,0.25,-21.88,,4.18,,58960.28,-20.22,,08-09
1126,002220,天宝食品,0.16,0.0,,3.22,,8653.02,1.27,,08-09
1127,603079,圣达生物,0.69,,8.03,9.04,0.64,4164.15,,,08-09
1128,600675,中华企业,0.2,-718.18,,11.04,,38069.01,-718.34,,08-09
1129,000536,华映科技,0.03,-94.98,,0.55,,7074.09,-82.21,10派1,08-09
1130,300400,劲拓股份,0.13,-22.71,,6.94,,3068.41,52.06,,08-09
1131,300473,德尔股份,0.62,-0.63,,3.88,,6339.18,1.82,,08-09
1132,600674,川投能源,0.28,-11.98,,6.2,,122969.75,-11.98,,08-09
1133,300523,辰安科技,-0.05,-122.73,,-0.82,,-648.1,-148.67,,08-09
1134,300223,北京君正,0.02,22.7,,0.34,,378.14,22.73,,08-09
1135,603602,纵横通信,0.42,27.27,5.71,7.6,-2.14,2508.7,26.07,,08-09
1136,603615,茶花股份,0.2,-28.35,,3.9,,4476.63,-12.5,,08-09
1137,300688,创业黑马,0.3,42.86,3.75,8.3,-0.27,1526.81,39.6,,08-09
1138,601339,百隆东方,0.21,5.0,,4.17,,30850.07,2.72,10派1.28,08-09
1139,300134,大富科技,-0.12,-271.43,,-1.53,,-8848.63,-283.66,,08-09
1140,600987,航民股份,0.38,2.96,,7.51,,24327.05,2.8,,08-09
1141,300379,东方通,0.03,-76.19,,0.42,,746.49,-42.67,,08-09
1142,600260,凯乐科技,0.49,308.33,,10.96,,34629.98,330.03,,08-09
1143,002117,东港股份,0.27,2.66,,6.43,,9985.27,2.65,,08-09
1144,300395,菲利华,0.18,-19.37,,6.43,,5309.68,21.69,,08-09
1145,002670,国盛金控,0.1,-67.04,,1.3,,15068.51,53.13,,08-09
1146,300568,星源材质,0.37,-64.08,,5.7,,7091.73,-23.74,,08-09
1147,300696,爱乐达,0.7,218.18,,12.02,,3595.69,215.77,,08-09
1148,600409,三友化工,0.52,227.46,,12.99,,96213.26,227.48,,08-08
1149,002331,皖通科技,0.09,11.39,,2.48,,3218.91,11.33,,08-08
1150,300037,新宙邦,0.34,-50.0,,5.73,,12695.38,1.96,,08-08
1151,000537,广宇发展,0.05,-72.22,,1.17,,2676.6,-70.52,,08-08
1152,000755,*ST三维,-0.51,-16.39,,-56.68,,-23807.02,-17.31,,08-08
1153,300240,飞力达,0.11,22.22,,3.75,,3854.81,17.15,,08-08
1154,300357,我武生物,0.49,47.64,,11.33,,7873.01,45.45,,08-08
1155,300394,天孚通信,0.33,1.33,,7.84,,6097.53,1.31,,08-08
1156,300467,迅游科技,0.18,50.0,,5.56,,3078.98,52.02,,08-08
1157,600711,盛屯矿业,0.15,311.11,,5.39,,22196.36,310.14,,08-08
1158,002341,新纶科技,0.15,31.25,,2.25,,7395.1,76.82,,08-08
1159,300656,民德电子,0.39,0.55,,8.73,,1838.75,6.14,,08-08
1160,300297,蓝盾股份,0.12,50.0,,3.87,,14082.49,79.71,,08-08
1161,002553,南方轴承,0.13,10.45,,6.49,,4412.62,10.45,,08-08
1162,300070,碧水源,0.17,90.0,,3.37,,53384.87,97.73,,08-08
1163,002567,唐人神,0.17,29.39,,4.79,,13773.96,106.67,,08-08
1164,300148,天舟文化,0.13,-8.84,,2.51,,11013.98,52.4,,08-08
1165,600857,宁波中百,0.09,-19.66,,3.25,,2102.6,-19.72,,08-08
1166,000037,深南电A,-0.04,-55.56,,-1.17,,-2262.92,-59.92,,08-08
1167,000916,华北高速,0.16,1.98,,3.68,,17426.52,1.94,,08-08
1168,002587,奥拓电子,0.15,107.02,,5.87,,6107.66,123.39,,08-08
1169,002176,江特电机,0.04,-50.0,,1.66,,6207.84,-41.97,,08-08
1170,002233,塔牌集团,0.35,182.05,,6.55,,31062.83,182.09,,08-08
1171,002788,鹭燕医药,0.5,8.7,,4.53,,6345.6,16.53,,08-08
1172,002014,永新股份,0.25,-3.85,,4.71,,8330.74,-4.2,,08-08
1173,002732,燕塘乳业,0.38,22.58,,6.85,,6020.96,23.81,,08-08
1174,603638,艾迪精密,0.4,41.09,,9.24,,6810.03,80.28,,08-08
1175,002825,纳尔股份,0.19,-54.76,,3.43,,1922.2,-39.24,,08-08
1176,002318,久立特材,0.08,14.29,,2.53,,6672.03,6.54,,08-08
1177,002383,合众思壮,0.07,294.25,,1.43,,5028.92,1365.15,,08-08
1178,300294,博雅生物,0.39,-2.5,,7.28,,15773.48,49.23,,08-08
1179,300584,海辰药业,0.38,9.46,,6.47,,2937.06,38.52,,08-08
1180,300420,五洋科技,0.09,-74.02,,3.86,,4406.62,37.3,,08-08
1181,600614,鹏起科技,0.12,67.14,,4.36,,20557.27,65.0,,08-08
1182,002535,林州重机,0.03,200.0,,0.69,,2048.71,124.44,,08-08
1183,002245,澳洋顺昌,0.15,65.32,,7.31,,14815.42,66.46,,08-08
1184,600867,通化东宝,0.24,4.35,,9.9,,41039.07,30.21,,08-08
1185,002654,万润科技,0.09,7.78,,3.07,,7609.37,20.13,,08-08
1186,300201,海伦哲,0.03,147.75,,2.07,,2831.52,597.88,,08-08
1187,002453,天马精化,0.01,-75.0,,0.3,,269.6,-78.64,,08-08
1188,002645,华宏科技,0.19,20.41,,2.52,,3954.21,20.43,,08-08
1189,603225,新凤鸣,0.96,,,13.12,,52633.16,293.6,,08-08
1190,002793,东音股份,0.32,-49.27,,9.14,,6496.88,23.59,,08-08
1191,300610,晨化股份,0.26,-31.58,,6.76,,3749.77,32.54,,08-08
1192,002400,省广股份,0.11,-50.0,,3.59,,18981.77,-26.62,,08-08
1193,600970,中材国际,0.25,38.89,,6.31,,44545.81,43.26,,08-08
1194,000990,诚志股份,0.32,-575.48,,2.56,,39625.11,-1619.73,10派1,08-08
1195,603258,电魂网络,0.36,-54.43,,5.46,,8609.31,-39.36,,08-08
1196,002236,大华股份,0.34,36.0,,11.29,,98300.12,38.5,,08-07
1197,603535,嘉诚国际,0.44,7.32,6.94,6.51,0.32,4931.01,6.94,,08-07
1198,603678,火炬电子,0.26,-50.0,,4.91,,11640.21,35.08,,08-07
1199,300373,扬杰科技,0.29,20.83,,6.48,,13534.08,38.21,,08-07
1200,603869,北部湾旅,0.25,92.31,,2.43,,8722.01,210.77,,08-05
1201,603686,龙马环卫,0.48,26.32,,10.13,,12730.43,25.18,,08-05
1202,000418,小天鹅A,1.16,26.09,,11.69,,73154.05,25.95,,08-05
1203,002702,海欣食品,-0.04,-206.53,,-2.23,,-1726.13,-280.93,,08-05
1204,000548,湖南投资,0.25,167.02,,7.8,,12528.21,167.08,,08-05
1205,002853,皮阿诺,0.64,88.24,,5.59,,3469.15,122.3,,08-05
1206,300193,佳士科技,0.14,27.27,,3.29,,7154.67,36.38,,08-05
1207,600086,东方金钰,0.15,2.21,,6.43,,19954.45,2.22,,08-05
1208,600225,*ST松江,0.48,-191.92,,27.07,,44752.48,-192.04,,08-05
1209,002662,京威股份,0.17,-37.04,,3.62,,17141.71,-14.3,,08-05
1210,002355,兴民智通,0.08,60.0,,1.88,,4000.39,42.73,,08-05
1211,300276,三丰智能,0.02,2.73,,1.4,,846.09,2.53,,08-05
1212,300208,恒顺众昇,0.33,65.0,,14.55,,25054.74,63.93,,08-05
1213,300286,安科瑞,0.34,21.43,,8.03,,4821.0,21.69,,08-05
1214,002296,辉煌科技,0.07,-35.69,,1.61,,2496.85,-35.68,,08-05
1215,002313,日海通讯,0.09,-190.0,,0.89,,2870.96,-187.94,,08-05
1216,600129,太极集团,0.08,-96.4,,2.71,,3474.79,-96.4,,08-05
1217,002728,特一药业,0.27,22.73,,5.94,,5425.23,24.01,,08-05
1218,002514,宝馨科技,0.07,250.0,,4.37,,4116.38,215.6,,08-05
1219,600116,三峡水利,0.14,16.67,,5.47,,13719.56,16.07,,08-05
1220,002706,良信电器,0.21,-32.26,,6.96,,11112.68,47.96,,08-05
1221,300505,川金诺,0.27,5.54,,4.04,,2561.43,22.84,,08-05
1222,002372,伟星新材,0.31,0.0,,11.28,,31225.88,26.67,,08-05
1223,002659,中泰桥梁,-0.05,150.0,,-1.14,,-2531.4,332.04,,08-05
1224,600367,红星发展,0.13,30.0,,3.59,,3912.31,36.65,,08-05
1225,600307,酒钢宏兴,0.06,54.27,,3.75,,35076.9,54.29,,08-05
1226,002017,东信和平,0.07,-14.12,,2.54,,2337.91,-14.12,,08-05
1227,600539,狮头股份,0.01,-106.15,,0.35,,165.01,-106.13,,08-05
1228,600660,福耀玻璃,0.55,-5.17,,7.66,,138618.68,-4.85,,08-05
1229,603006,联明股份,0.28,-21.57,,6.37,,5450.49,-19.21,,08-04
1230,300500,启迪设计,0.27,-52.63,,4.59,,3231.8,2.83,,08-04
1231,300234,开尔新材,0.0,-96.5,,0.06,,61.62,-95.98,,08-04
1232,000933,神火股份,0.32,-5.29,,10.22,,61172.49,-5.3,,08-04
1233,000997,新大陆,0.46,84.0,,16.11,,42802.59,81.65,,08-04
1234,300508,维宏股份,0.69,26.55,,8.58,,3930.2,46.93,,08-04
1235,002860,星帅尔,0.64,-1.54,,9.45,,4347.43,10.09,,08-04
1236,300364,中文在线,0.08,133.44,,0.85,,2165.91,176.61,,08-04
1237,603577,汇金通,0.18,-33.68,,2.53,,2148.35,-11.55,,08-04
1238,600545,新疆城建,-0.03,-75.7,,-1.03,,-2047.02,-75.7,10派2.729,08-04
1239,000822,山东海化,0.38,1166.67,,14.58,,33725.95,1173.96,,08-04
1240,002496,辉丰股份,0.16,121.43,,6.56,,23404.05,124.12,,08-04
1241,000705,浙江震元,0.13,63.43,,3.23,,4268.56,63.46,,08-04
1242,002771,真视通,0.18,-55.0,,4.93,,2966.37,-7.91,,08-04
1243,002650,加加食品,0.09,1.18,,4.96,,9924.89,1.36,,08-04
1244,600763,通策医疗,0.28,21.74,,10.25,,8833.22,22.05,,08-04
1245,603766,隆鑫通用,0.24,-53.47,,8.0,,50114.95,17.35,,08-03
1246,300266,兴源环境,0.26,-8.59,,8.62,,25977.22,116.13,,08-03
1247,002162,悦心健康,0.01,-427.27,,1.49,,1225.23,-430.44,,08-03
1248,002439,启明星辰,,,,-0.01,,-15.74,-102.76,,08-03
1249,300435,中泰股份,0.14,-48.15,,4.84,,3470.93,20.17,,08-03
1250,002421,达实智能,0.05,-58.31,,3.63,,10355.98,30.33,,08-03
1251,603677,奇精机械,0.55,-22.54,,5.89,,4692.69,10.65,10派2.5,08-03
1252,000584,友利控股,0.06,-218.9,,2.59,,3973.3,-218.9,,08-03
1253,600785,新华百货,0.48,186.04,,5.51,,10862.81,186.02,,08-03
1254,603658,安图生物,0.46,17.95,,11.93,,19143.16,29.57,10派3.6,08-03
1255,600722,金牛化工,0.03,268.24,,2.39,,2131.05,270.14,,08-03
1256,300541,先进数通,0.15,-46.43,,2.53,,1815.25,-28.16,,08-03
1257,002798,帝王洁具,0.28,12.0,,4.07,,2413.02,38.48,,08-03
1258,002711,欧浦智网,0.22,29.41,,14.4,,23640.98,116.0,,08-02
1259,600378,天科股份,0.08,100.0,,3.06,,2316.74,93.04,,08-02
1260,600577,精达股份,0.09,51.72,,5.8,,17286.25,53.07,10派0.5,08-02
1261,600011,华能国际,0.05,-87.8,,1.08,,78757.25,-87.48,,08-02
1262,002686,亿利达,0.15,-0.68,,4.82,,6452.88,6.39,,08-02
1263,000716,黑芝麻,0.04,33.33,,1.57,,2758.17,29.35,,08-02
1264,002429,兆驰股份,0.07,-47.73,,4.16,,32779.7,47.94,,08-02
1265,300450,先导智能,0.44,88.2,,17.77,,17898.3,88.19,,08-02
1266,600063,皖维高新,0.04,13.51,,1.78,,7325.07,19.36,,08-02
1267,300653,正海生物,0.33,3.13,,7.7,,2088.74,9.82,,08-02
1268,000100,TCL集团,0.08,70.56,1.94,4.47,0.28,103384.47,70.68,,08-02
1269,300668,杰恩设计,0.81,47.27,,18.04,,2601.57,50.54,,08-01
1270,600273,嘉化能源,0.35,16.67,,11.02,,45883.82,16.68,,08-01
1271,002427,尤夫股份,0.31,82.35,,5.42,,12283.59,84.1,,08-01
1272,300511,雪榕生物,0.18,80.44,,3.09,,4029.74,224.93,,08-01
1273,000608,阳光股份,-0.11,-38.89,,-2.81,,-7884.2,-41.91,,08-01
1274,600110,诺德股份,0.1,481.4,,5.96,,11505.17,481.61,,08-01
1275,000983,西山煤电,0.29,738.9,,5.39,,91737.25,739.33,,08-01
1276,600346,恒力股份,0.2,5.26,,9.37,,56229.37,20.78,,08-01
1277,603707,健友股份,0.34,-34.14,,8.96,,12327.15,-34.14,,08-01
1278,002455,百川股份,0.12,100.0,,6.74,,5866.52,91.28,,08-01
1279,300549,优德精密,0.31,-23.53,3.48,8.92,,4078.49,105.44,,08-01
1280,002168,深圳惠程,-0.08,166.67,,-5.34,,-6488.82,208.67,,08-01
1281,000055,方大集团,0.19,175.14,,9.37,,22800.33,328.93,,08-01
1282,600885,宏发股份,0.76,24.59,,8.52,,40364.44,23.61,,08-01
1283,600309,万华化学,1.79,184.13,,25.43,,486103.79,255.35,,08-01
1284,000812,陕西金叶,0.02,-24.92,,1.13,,1011.95,-24.74,,08-01
1285,603860,中公高科,0.25,13.64,6.04,4.18,-0.55,1237.32,14.91,,08-01
1286,300532,今天国际,0.14,-71.82,,2.92,,2170.89,-31.23,,08-01
1287,600532,宏达矿业,-0.05,-64.29,,-1.32,,-2494.54,-64.5,,08-01
1288,002360,同德化工,0.09,12.5,,3.44,,3386.51,10.2,,08-01
1289,300172,中电环保,0.11,22.22,,5.11,,5792.29,21.06,,08-01
1290,300284,苏交科,0.27,19.73,,4.9,,15155.72,20.54,,08-01
1291,300014,亿纬锂能,0.27,28.57,,11.33,,23252.93,161.37,,08-01
1292,000975,银泰资源,0.1,17.46,,2.71,,10410.3,17.55,,08-01
1293,300463,迈克生物,0.35,16.67,,8.24,,19280.68,16.92,,08-01
1294,603990,麦迪科技,0.17,0.0,,3.42,,1368.02,32.11,,08-01
1295,300182,捷成股份,0.2,-20.72,,5.66,,52203.05,29.49,,08-01
1296,002134,*ST普林,-0.03,-75.0,,-1.93,,-810.48,-71.55,,07-31
1297,300041,回天新材,0.18,15.14,,4.5,,7253.95,15.15,,07-31
1298,300146,汤臣倍健,0.4,60.0,,12.67,,58226.85,62.29,,07-31
1299,603369,今世缘,0.52,22.28,,13.26,,64933.12,22.29,,07-31
1300,002139,拓邦股份,0.14,16.67,,5.25,,9395.15,89.15,,07-31
1301,000563,陕国投A,0.09,-5.46,,3.45,,26751.88,-5.46,,07-31
1302,002562,兄弟科技,0.29,16.0,,8.39,,15446.85,129.42,,07-31
1303,002471,中超控股,0.03,-21.41,,2.3,,4232.64,-21.54,,07-31
1304,600246,万通地产,0.02,-88.56,,0.77,,5114.38,-80.69,,07-31
1305,603826,坤彩科技,0.21,10.52,,8.75,,6208.58,22.75,10派0.6,07-31
1306,002801,微光股份,0.47,-55.24,,7.16,,5501.69,18.25,,07-31
1307,601933,永辉超市,0.11,37.5,,5.46,,105521.84,57.57,,07-31
1308,002892,科力尔,0.55,3.77,,13.8,,3618.64,2.58,,07-31
1309,603239,浙江仙通,0.35,-58.33,,10.7,,9562.29,67.76,,07-31
1310,300577,开润股份,0.9,32.35,,11.0,,6027.08,76.58,,07-31
1311,300183,东软载波,0.29,-3.13,,5.08,,13171.16,-3.86,,07-31
1312,002349,精华制药,0.11,-40.41,,4.45,,9632.05,19.16,,07-31
1313,300692,中环环保,0.23,53.33,,4.12,,1877.46,60.27,,07-31
1314,600352,浙江龙盛,0.31,5.13,,6.28,,101316.0,5.13,,07-31
1315,002768,国恩股份,0.32,52.38,,8.99,,7701.15,52.81,,07-31
1316,600289,亿阳信通,0.04,24.53,,0.78,,2533.19,39.09,,07-29
1317,600615,丰华股份,0.54,1217.07,,18.94,,10146.67,1216.78,,07-29
1318,000759,中百集团,0.2,-322.22,,4.48,,13621.12,-318.09,,07-29
1319,000514,渝开发,0.06,784.13,,1.59,,4701.37,790.76,,07-29
1320,000926,福星股份,0.49,36.11,,4.72,,46248.96,35.96,,07-29
1321,603559,中通国脉,0.08,-52.94,,2.05,,1065.94,-2.72,,07-29
1322,000711,京蓝科技,0.15,-266.67,,3.34,,10061.74,-773.68,,07-29
1323,600586,金晶科技,0.07,600.0,,2.56,,10383.27,402.77,,07-29
1324,000717,韶钢松山,0.27,-383.83,,82.91,,64964.78,-383.91,,07-29
1325,603010,万盛股份,0.27,0.0,,6.47,,6908.1,1.13,,07-29
1326,300059,东方财富,0.06,-38.98,,2.01,,26010.1,-22.77,,07-29
1327,000663,永安林业,0.02,0.0,,0.3,,648.88,-4.64,,07-29
1328,300231,银信科技,0.18,6.74,,9.63,,6241.18,8.7,,07-29
1329,300304,云意电气,0.09,-70.0,,4.82,,7764.76,25.88,,07-29
1330,002184,海得控制,0.01,-74.89,,0.25,,273.78,-73.0,,07-29
1331,600753,东方银星,0.02,-157.14,,1.42,,204.3,-157.43,,07-29
1332,002577,雷柏科技,0.06,25.26,,1.39,,1627.31,20.07,,07-29
1333,600189,吉林森工,-0.12,-163.16,,-2.62,,-3639.26,-160.75,,07-29
1334,600393,粤泰股份,0.36,350.0,,17.25,,91180.26,1143.32,,07-29
1335,002772,众兴菌业,0.18,-28.58,,2.78,,6384.34,-15.03,,07-29
1336,002262,恩华药业,0.21,-23.95,,9.56,,20917.15,21.66,,07-29
1337,600986,科达股份,0.23,35.29,,4.23,,20415.87,34.44,,07-29
1338,600498,烽火通信,0.43,16.22,,6.04,,44970.5,16.1,,07-29
1339,000420,吉林化纤,0.03,209.57,,2.1,,5725.66,655.89,,07-29
1340,000612,焦作万方,0.09,16.67,,2.36,,10775.23,17.65,,07-29
1341,600663,陆家嘴,0.34,30.89,,5.86,,115368.27,30.87,,07-29
1342,600064,南京高科,0.66,-32.79,,5.1,,51291.25,-32.78,,07-29
1343,603008,喜临门,0.24,20.0,,3.77,,9482.56,51.96,,07-29
1344,002165,红宝丽,0.07,-41.67,,2.59,,4058.62,-35.87,,07-29
1345,600880,博瑞传播,-0.03,-616.67,,-0.85,,-3050.98,-613.83,,07-29
1346,000848,承德露露,0.23,-17.86,,11.24,,22764.67,-16.6,,07-29
1347,600406,国电南瑞,0.14,16.67,,3.87,,34957.98,24.62,,07-29
1348,300356,光一科技,0.07,103.5,,2.04,,2899.06,408.9,,07-29
1349,600289,亿阳信通,0.04,24.53,,0.78,,2533.19,39.09,,07-29
1350,600566,济川药业,0.72,28.39,,15.61,,58181.12,32.1,,07-28
1351,601168,西部矿业,0.11,1000.0,,2.25,,26004.03,747.21,,07-28
1352,000928,中钢国际,0.2,-44.63,,5.8,,25149.87,8.35,,07-28
1353,002087,新野纺织,0.17,28.64,,4.54,,13718.4,102.07,,07-28
1354,603416,信捷电气,0.46,-17.86,,7.43,,6396.38,50.94,,07-28
1355,002847,盐津铺子,0.35,-30.0,,11.85,,4162.02,-11.16,,07-28
1356,002767,先锋电子,0.11,-14.66,,2.44,,1640.44,-14.71,,07-28
1357,300050,世纪鼎利,0.15,36.36,,3.34,,7275.17,35.89,,07-28
1358,002402,和而泰,0.12,-33.33,,9.12,,10195.99,70.29,,07-28
1359,000915,山大华特,0.63,6.78,,10.81,,14673.23,38.58,,07-28
1360,002549,凯美特气,0.02,123.16,,1.49,,1321.1,145.7,,07-28
1361,002380,科远股份,0.21,23.53,,2.48,,4933.25,30.88,,07-28
1362,300419,浩丰科技,0.08,-50.0,,2.09,,3071.14,8.37,,07-28
1363,600059,古越龙山,0.12,20.0,,2.39,,9421.23,16.27,,07-28
1364,600769,祥龙电业,0.01,-2.78,,5.77,,263.21,-2.06,,07-28
1365,600022,山东钢铁,0.07,2396.3,,3.65,,59558.56,2472.58,,07-28
1366,002632,道明光学,0.1,163.16,,4.0,,5811.04,159.75,,07-28
1367,300557,理工光科,0.02,-89.47,,0.26,,120.29,-84.91,,07-28
1368,002182,云海金属,0.15,-31.61,,6.58,,9570.28,36.85,,07-28
1369,603919,金徽酒,0.39,-17.02,,6.12,,14180.84,23.95,,07-28
1370,002507,涪陵榨菜,0.22,0.0,,10.46,,17195.16,48.38,,07-28
1371,000989,九芝堂,0.42,19.27,,8.39,,36213.41,19.27,,07-28
1372,002735,王子新材,0.24,60.0,,3.87,,1928.41,58.45,,07-28
1373,600452,涪陵电力,0.69,50.0,,11.5,,10964.0,48.48,,07-28
1374,002210,飞马国际,0.08,-27.27,,3.49,,14000.31,26.75,,07-28
1375,600774,汉商集团,0.04,35.48,,1.27,,730.2,36.43,,07-28
1376,002301,齐心集团,0.2,66.67,,6.3,,8028.21,72.06,,07-28
1377,601015,陕西黑猫,0.1,150.0,,3.33,,9265.06,148.6,,07-28
1378,000929,兰州黄河,0.04,-122.14,,0.97,,707.71,-122.13,,07-28
1379,300493,润欣科技,0.1,-47.37,,5.99,,2883.53,23.77,,07-28
1380,300419,浩丰科技,0.08,-50.0,,2.09,,3071.14,8.37,,07-28
1381,600059,古越龙山,0.12,20.0,,2.39,,9421.23,16.27,,07-28
1382,600769,祥龙电业,0.01,-2.78,,5.77,,263.21,-2.06,,07-28
1383,300133,华策影视,0.16,0.0,,4.25,,27473.67,1.21,,07-27
1384,300378,鼎捷软件,0.13,62.5,,2.81,,3313.03,62.49,,07-27
1385,603111,康尼机电,0.16,0.0,,8.43,,11502.84,-4.87,,07-27
1386,002533,金杯电工,0.12,-8.59,,2.85,,6393.75,-9.6,,07-27
1387,300238,冠昊生物,0.1,66.67,,1.86,,2569.82,66.44,,07-27
1388,002726,龙大肉食,0.3,0.0,,7.27,,13319.66,0.26,10转7,07-27
1389,600779,水井坊,0.23,25.68,,7.5,,11449.96,25.66,,07-27
1390,300689,澄天伟业,0.52,52.94,,9.45,,2660.9,55.5,,07-27
1391,603166,福达股份,0.14,100.0,,3.86,,8231.1,116.39,,07-27
1392,002240,威华股份,0.02,-112.23,,0.55,,777.87,-112.21,,07-27
1393,600173,卧龙地产,0.12,80.88,,5.25,,8926.19,81.69,,07-27
1394,601798,蓝科高新,0.01,-90.2,,0.1,,182.79,-89.83,,07-27
1395,600299,安迪苏,0.22,-46.34,,4.63,,57737.07,-47.59,,07-27
1396,002508,老板电器,0.63,8.62,,13.69,,59775.79,41.37,,07-27
1397,300184,力源信息,0.29,398.78,,5.74,,15363.13,597.24,,07-27
1398,002469,三维工程,0.05,23.75,,1.97,,2489.88,20.88,,07-26
1399,600080,金花股份,0.05,10.2,,1.29,,1390.45,10.3,,07-26
1400,600698,湖南天雁,0.01,-21.33,,0.87,,577.8,-20.68,,07-26
1401,002644,佛慈制药,0.07,13.8,,2.64,,3450.53,13.78,,07-26
1402,600338,西藏珠峰,0.87,116.18,,39.26,,56987.67,116.18,10派6,07-26
1403,002224,三力士,0.13,-13.33,,5.3,,8501.98,-13.82,,07-26
1404,300181,佐力药业,0.08,-16.1,,3.59,,4819.59,-16.09,,07-26
1405,603179,新泉股份,0.76,100.0,,11.59,,10892.45,138.45,,07-26
1406,002288,超华科技,0.03,912.12,,1.84,,3112.31,912.19,,07-26
1407,600321,国栋建设,0.0,-101.11,,0.04,,110.03,-100.84,,07-26
1408,002697,红旗连锁,0.07,-12.5,,4.42,,9852.25,-3.56,,07-26
1409,002255,海陆重工,0.08,62.69,,1.98,,4628.9,61.65,,07-26
1410,002386,天原集团,0.04,-140.0,,0.64,,2620.59,-140.39,,07-25
1411,300418,昆仑万维,0.33,50.0,,10.36,,38428.86,57.52,,07-25
1412,300249,依米康,0.05,168.5,,2.5,,2336.53,113.54,,07-25
1413,002299,圣农发展,0.02,-92.72,,0.31,,1787.56,-92.73,,07-25
1414,300125,易世达,-0.12,-40.0,,-1.37,,-1407.52,-39.34,,07-25
1415,600375,华菱星马,0.05,-113.51,,1.11,,3016.18,-114.82,,07-25
1416,603338,浙江鼎力,0.92,76.92,,13.05,,14952.37,77.55,,07-25
1417,002387,黑牛食品,-0.21,159.65,,-13.89,,-9788.55,159.54,,07-25
1418,300468,四方精创,0.27,32.42,,3.25,,2803.8,33.63,,07-25
1419,300046,台基股份,0.19,163.16,,3.36,,2699.8,163.16,,07-25
1420,603721,中广天择,0.59,,,12.45,,4418.21,,,07-24
1421,600889,南京化纤,0.14,154.72,,2.78,,4145.01,155.13,,07-22
1422,002415,海康威视,0.36,-16.98,,12.98,,329154.61,26.27,,07-22
1423,300179,四方达,0.09,368.31,,5.35,,4093.05,367.56,,07-22
1424,600231,凌钢股份,0.16,-633.33,,7.48,,40509.68,-608.08,,07-22
1425,002760,凤形股份,-0.11,-191.67,,-1.71,,-967.98,-188.04,,07-22
1426,600696,*ST匹凸,0.02,-118.18,,11.52,,543.29,-114.02,,07-21
1427,300368,汇金股份,-0.03,2.15,,-1.44,,-1549.63,2.0,,07-21
1428,600335,国机汽车,0.49,7.33,,6.96,,50330.62,17.47,,07-21
1429,601678,滨化股份,0.3,650.0,,7.04,,36159.81,653.06,,07-21
1430,300409,道氏技术,0.32,45.45,,5.73,,6831.75,44.1,,07-21
1431,600543,莫高股份,0.04,0.0,,1.29,,1424.72,13.44,,07-20
1432,002714,牧原股份,1.12,-45.89,,16.8,,120026.83,11.92,,07-20
1433,000627,天茂集团,,,,4.59,,62581.67,-24.62,,07-20
1434,002890,弘宇股份,0.56,3.7,,9.09,,2778.12,3.02,,07-20
1435,300570,太辰光,0.21,-22.22,,4.41,,4791.7,3.98,,07-20
1436,002741,光华科技,0.13,46.56,,5.84,,4750.02,46.97,,07-20
1437,603601,再升科技,0.12,-41.35,,4.03,,4465.83,47.17,,07-20
1438,300497,富祥股份,0.93,-22.5,,12.43,,10111.14,17.0,,07-20
1439,300675,建科院,0.03,-231.58,2.62,1.15,-0.34,329.66,-231.4,,07-18
1440,603558,健盛集团,0.18,-21.74,,3.48,,6509.74,-14.25,,07-18
1441,603333,明星电缆,0.02,-158.14,,0.74,,1040.53,-158.22,,07-18
1442,300675,建科院,0.03,-231.58,2.62,1.15,-0.34,329.66,-231.4,,07-18
1443,300601,康泰生物,0.17,13.33,,8.2,,7054.68,25.79,,07-18
1444,603199,九华旅游,0.54,17.29,,6.04,,5954.15,17.28,,07-14
1445,600293,三峡新材,0.22,1660.98,,5.2,,18181.19,4185.58,,07-14
1446,600298,安琪酵母,0.51,62.22,,12.01,,42090.94,62.06,,07-13
1447,603668,天马科技,0.16,-27.27,,6.48,,4647.6,30.91,,07-13
1448,603595,东尼电子,0.62,129.63,,,,4650.82,130.39,,07-11
1449,603305,旭升股份,0.31,40.91,,19.63,,11043.0,38.46,,07-07
