,time,price,change,volume,amount,type
0,15:00:03,15.36,-0.01,939,1443394,卖盘
1,14:57:00,15.37,--,10,15370,买盘
2,14:56:57,15.37,0.01,4,6148,买盘
3,14:56:54,15.36,--,19,29184,卖盘
4,14:56:45,15.36,--,28,43008,卖盘
5,14:56:42,15.36,--,19,29184,卖盘
6,14:56:39,15.36,-0.01,8,12288,卖盘
7,14:56:36,15.37,0.01,58,89146,买盘
8,14:56:33,15.36,-0.01,85,130560,卖盘
9,14:56:30,15.37,0.01,91,139867,买盘
10,14:56:27,15.36,--,39,59904,卖盘
11,14:56:24,15.36,-0.01,47,72192,卖盘
12,14:56:21,15.37,--,2,3074,买盘
13,14:56:15,15.37,--,11,16907,买盘
14,14:56:09,15.37,--,2,3074,买盘
15,14:56:06,15.37,--,190,292030,卖盘
16,14:56:00,15.37,-0.01,15,23055,卖盘
17,14:55:57,15.38,0.01,3,4614,买盘
18,14:55:54,15.37,--,15,23055,卖盘
19,14:55:51,15.37,--,50,76850,卖盘
20,14:55:48,15.37,-0.01,73,112201,卖盘
21,14:55:45,15.38,0.01,8,12304,买盘
22,14:55:42,15.37,--,5,7685,卖盘
23,14:55:39,15.37,--,34,52258,买盘
24,14:55:36,15.37,--,12,18444,买盘
25,14:55:33,15.37,--,50,76850,买盘
26,14:55:30,15.37,--,290,445730,买盘
27,14:55:27,15.37,--,14,21518,卖盘
28,14:55:24,15.37,-0.01,350,537950,卖盘
29,14:55:21,15.38,0.01,10,15380,买盘
30,14:55:18,15.37,-0.01,42,64554,卖盘
31,14:55:12,15.38,--,21,32298,买盘
32,14:55:09,15.38,--,5,7690,买盘
33,14:55:06,15.38,0.01,10,15380,买盘
34,14:54:51,15.37,--,35,53795,卖盘
35,14:54:48,15.37,--,30,46110,卖盘
36,14:54:45,15.37,--,1,1537,卖盘
37,14:54:42,15.37,-0.01,44,67628,卖盘
38,14:54:39,15.38,0.01,5,7690,买盘
39,14:54:33,15.37,--,66,101442,卖盘
40,14:54:30,15.37,-0.01,18,27666,卖盘
41,14:54:21,15.38,--,23,35374,买盘
42,14:54:18,15.38,--,2,3076,买盘
43,14:54:15,15.38,0.01,1,1538,买盘
44,14:54:12,15.37,--,65,99905,卖盘
45,14:54:06,15.37,-0.01,100,153700,卖盘
46,14:54:03,15.38,--,1,1538,买盘
47,14:54:00,15.38,--,5,7690,买盘
48,14:53:57,15.38,0.01,10,15380,买盘
49,14:53:51,15.37,-0.01,20,30740,卖盘
50,14:53:45,15.38,--,12,18456,买盘
51,14:53:42,15.38,--,4,6152,买盘
52,14:53:39,15.38,--,6,9228,买盘
53,14:53:36,15.38,-0.01,119,183022,中性盘
54,14:53:33,15.39,0.01,106,163134,买盘
55,14:53:24,15.38,--,13,19994,卖盘
56,14:53:21,15.38,-0.01,3,4614,卖盘
57,14:53:12,15.39,0.01,43,66177,买盘
58,14:53:09,15.38,--,8,12304,卖盘
59,14:53:06,15.38,--,2,3076,卖盘
60,14:52:57,15.38,--,166,255308,买盘
61,14:52:51,15.38,--,19,29222,卖盘
62,14:52:45,15.38,--,7,10766,买盘
63,14:52:42,15.38,--,43,66134,卖盘
64,14:52:39,15.38,--,13,19994,买盘
65,14:52:36,15.38,-0.01,187,287606,卖盘
66,14:52:33,15.39,0.01,137,210843,买盘
67,14:52:30,15.38,--,43,66134,卖盘
68,14:52:27,15.38,--,45,69210,卖盘
69,14:52:24,15.38,--,28,43064,卖盘
70,14:52:18,15.38,--,37,56906,卖盘
71,14:52:12,15.38,--,2,3076,卖盘
72,14:52:09,15.38,--,113,173794,卖盘
73,14:52:06,15.38,--,3,4614,卖盘
74,14:52:00,15.38,--,109,167642,买盘
75,14:51:57,15.38,--,99,152262,卖盘
76,14:51:54,15.38,--,36,55368,卖盘
77,14:51:51,15.38,--,56,86128,卖盘
78,14:51:45,15.38,--,16,24608,卖盘
79,14:51:42,15.38,--,1,1538,卖盘
80,14:51:39,15.38,0.01,142,218396,买盘
81,14:51:36,15.37,-0.01,42,64554,卖盘
82,14:51:30,15.38,--,7,10766,买盘
83,14:51:27,15.38,--,5,7690,买盘
84,14:51:24,15.38,0.01,17,26146,买盘
85,14:51:21,15.37,-0.01,13,19981,卖盘
86,14:51:18,15.38,--,83,127654,买盘
87,14:51:12,15.38,--,4,6152,买盘
88,14:51:09,15.38,0.01,15,23070,买盘
89,14:51:06,15.37,--,5,7685,卖盘
90,14:51:03,15.37,--,19,29203,卖盘
91,14:50:57,15.37,--,50,76850,卖盘
92,14:50:54,15.37,-0.01,11,16907,卖盘
93,14:50:48,15.38,0.01,13,19994,买盘
94,14:50:42,15.37,-0.03,449,690113,卖盘
95,14:50:36,15.4,--,13,20020,买盘
96,14:50:33,15.4,-0.01,14,22176,卖盘
97,14:50:30,15.41,0.01,48,73968,买盘
98,14:50:27,15.4,--,86,132440,卖盘
99,14:50:24,15.4,--,182,280280,卖盘
100,14:50:21,15.4,-0.01,4,6160,卖盘
101,14:50:09,15.41,--,5,7705,买盘
102,14:50:03,15.41,--,49,75509,卖盘
103,14:50:00,15.41,--,20,30820,卖盘
104,14:49:57,15.41,-0.01,4,6164,卖盘
105,14:49:51,15.42,--,3,4626,买盘
106,14:49:48,15.42,--,11,16962,买盘
107,14:49:45,15.42,--,7,10794,买盘
108,14:49:42,15.42,0.01,5,7710,买盘
109,14:49:36,15.41,--,4,6164,卖盘
110,14:49:30,15.41,-0.01,1,1541,卖盘
111,14:49:24,15.42,--,6,9252,买盘
112,14:49:18,15.42,--,1,1542,买盘
113,14:49:15,15.42,-0.01,48,74016,卖盘
114,14:49:00,15.43,--,1,1543,买盘
115,14:48:57,15.43,0.01,1,1543,买盘
116,14:48:51,15.42,-0.01,13,20046,卖盘
117,14:48:48,15.43,0.01,10,15430,买盘
118,14:48:45,15.42,-0.01,3,4626,卖盘
119,14:48:39,15.43,0.01,64,98752,买盘
120,14:48:36,15.42,-0.01,4,6168,卖盘
121,14:48:30,15.43,--,8,12344,买盘
122,14:48:27,15.43,--,138,212934,卖盘
123,14:48:15,15.43,--,3,4629,买盘
124,14:48:09,15.43,--,1,1543,买盘
125,14:48:06,15.43,--,3,4629,买盘
126,14:47:57,15.43,--,39,60177,卖盘
127,14:47:51,15.43,-0.01,20,30860,卖盘
128,14:47:45,15.44,0.01,1,1544,买盘
129,14:47:33,15.43,--,32,49376,卖盘
130,14:47:30,15.43,-0.02,2,3086,卖盘
131,14:47:21,15.45,--,19,29355,买盘
132,14:47:06,15.45,-0.01,4,6180,卖盘
133,14:46:57,15.46,--,1,1546,卖盘
134,14:46:54,15.46,--,3,4638,卖盘
135,14:46:51,15.46,--,15,23190,卖盘
136,14:46:45,15.46,--,5,7730,卖盘
137,14:46:42,15.46,--,5,7730,卖盘
138,14:46:39,15.46,--,5,7730,卖盘
139,14:46:27,15.46,--,21,32466,买盘
140,14:46:24,15.46,0.01,1,1546,买盘
141,14:46:15,15.45,-0.01,9,13905,卖盘
142,14:46:09,15.46,--,100,154600,买盘
143,14:46:00,15.46,-0.01,93,143778,卖盘
144,14:45:42,15.47,--,6,9282,买盘
145,14:45:27,15.47,--,12,18564,买盘
146,14:45:24,15.47,--,3,4641,卖盘
147,14:45:03,15.47,--,13,20111,卖盘
148,14:44:48,15.47,--,5,7735,买盘
149,14:44:45,15.47,--,19,29393,买盘
150,14:44:33,15.47,--,5,7735,买盘
151,14:44:21,15.47,--,1,1547,卖盘
152,14:44:15,15.47,--,4,6188,买盘
153,14:44:03,15.47,--,4,6188,买盘
154,14:44:00,15.47,0.01,4,6188,买盘
155,14:43:54,15.46,--,2,3092,卖盘
156,14:43:51,15.46,--,27,41742,买盘
157,14:43:45,15.46,0.01,32,49472,买盘
158,14:43:30,15.45,--,3,4635,卖盘
159,14:43:24,15.45,--,1,1545,买盘
160,14:43:21,15.45,--,5,7725,买盘
161,14:43:15,15.45,0.01,44,67980,买盘
162,14:43:03,15.44,--,44,67936,买盘
163,14:42:54,15.44,0.02,5,7720,买盘
164,14:42:45,15.42,--,1,1542,买盘
165,14:42:39,15.42,--,1,1542,买盘
166,14:42:30,15.42,--,15,23130,买盘
167,14:42:24,15.42,--,1,1542,买盘
168,14:42:15,15.42,--,13,20046,买盘
169,14:42:09,15.42,--,3,4626,买盘
170,14:42:06,15.42,--,1,1542,买盘
171,14:42:03,15.42,-0.01,25,38550,卖盘
172,14:42:00,15.43,--,2,3086,买盘
173,14:41:36,15.43,0.01,13,20059,买盘
174,14:41:27,15.42,-0.01,1,1542,卖盘
175,14:41:09,15.43,--,20,30860,买盘
176,14:41:06,15.43,0.01,1,1543,买盘
177,14:40:48,15.42,0.01,5,7710,买盘
178,14:40:39,15.41,--,47,72427,卖盘
179,14:40:36,15.41,-0.01,16,24656,卖盘
180,14:40:09,15.42,--,5,7710,中性盘
181,14:40:00,15.42,-0.01,13,20046,卖盘
182,14:39:57,15.43,0.02,5,7715,买盘
183,14:39:42,15.41,-0.01,8,12328,卖盘
184,14:39:36,15.42,0.01,10,15420,买盘
185,14:39:30,15.41,--,2,3082,买盘
186,14:39:21,15.41,-0.01,17,26197,卖盘
187,14:39:18,15.42,0.01,2,3084,买盘
188,14:39:15,15.41,0.01,5,7705,中性盘
189,14:39:06,15.4,-0.02,86,132440,卖盘
190,14:39:00,15.42,0.02,15,23130,买盘
191,14:38:42,15.4,-0.02,19,29260,卖盘
192,14:38:33,15.42,0.02,1,1542,买盘
193,14:38:30,15.4,--,32,49280,卖盘
194,14:38:18,15.4,--,9,14784,买盘
195,14:38:12,15.4,--,2,3080,买盘
196,14:38:09,15.4,--,48,74536,卖盘
197,14:38:03,15.4,--,65,100100,卖盘
198,14:37:57,15.4,--,10,15400,卖盘
199,14:37:54,15.4,--,23,35420,卖盘
200,14:37:51,15.4,-0.02,15,23100,卖盘
201,14:37:48,15.42,0.02,1,1542,买盘
202,14:37:39,15.4,--,3,4620,卖盘
203,14:37:36,15.4,--,14,21560,卖盘
204,14:37:33,15.4,--,1,1540,卖盘
205,14:37:18,15.4,--,3,4620,卖盘
206,14:37:15,15.4,-0.01,306,471240,卖盘
207,14:37:12,15.41,--,10,15410,卖盘
208,14:37:06,15.41,--,24,36984,卖盘
209,14:36:51,15.41,-0.01,10,15410,卖盘
210,14:36:45,15.42,0.01,2,3084,买盘
211,14:36:33,15.41,--,8,12328,卖盘
212,14:36:30,15.41,-0.01,17,26197,卖盘
213,14:36:27,15.42,0.01,11,16962,买盘
214,14:36:24,15.41,--,4,6164,卖盘
215,14:36:15,15.41,--,16,24656,卖盘
216,14:36:12,15.41,--,38,58558,卖盘
217,14:36:09,15.41,--,8,12328,卖盘
218,14:35:57,15.41,--,1,1541,卖盘
219,14:35:51,15.41,-0.01,26,40066,卖盘
220,14:35:48,15.42,--,5,7710,买盘
221,14:35:45,15.42,0.01,30,46260,买盘
222,14:35:42,15.41,--,35,53935,卖盘
223,14:35:36,15.41,--,23,35443,卖盘
224,14:35:30,15.41,-0.01,49,75509,卖盘
225,14:35:27,15.42,0.01,8,12336,买盘
226,14:35:09,15.41,-0.01,4,6164,卖盘
227,14:35:06,15.42,--,3,4626,买盘
228,14:35:03,15.42,0.01,2,3084,中性盘
229,14:34:36,15.41,-0.01,72,110952,卖盘
230,14:34:24,15.42,--,13,20046,买盘
231,14:34:12,15.42,--,5,7710,买盘
232,14:34:09,15.42,--,15,23130,买盘
233,14:34:03,15.42,-0.01,9,13878,卖盘
234,14:33:57,15.43,-0.01,9,13887,卖盘
235,14:33:54,15.44,0.01,12,18528,买盘
236,14:33:51,15.43,-0.01,2,3086,卖盘
237,14:33:33,15.44,--,5,7720,买盘
238,14:33:30,15.44,--,3,4632,买盘
239,14:33:24,15.44,0.01,1,1544,买盘
240,14:33:18,15.43,--,4,6172,买盘
241,14:33:15,15.43,0.01,20,30860,买盘
242,14:32:51,15.42,0.01,3,4626,买盘
243,14:32:45,15.41,-0.01,2,3082,卖盘
244,14:32:42,15.42,0.01,7,10794,买盘
245,14:32:33,15.41,--,6,9246,卖盘
246,14:32:24,15.41,--,1,1541,卖盘
247,14:32:18,15.41,-0.01,20,30820,卖盘
248,14:32:15,15.42,--,23,35466,买盘
249,14:32:12,15.42,0.01,9,13878,买盘
250,14:32:09,15.41,-0.01,9,13869,卖盘
251,14:32:00,15.42,0.01,1,1542,买盘
252,14:31:51,15.41,--,23,35443,买盘
253,14:31:48,15.41,-0.01,23,35443,卖盘
254,14:31:45,15.42,0.01,1,1542,买盘
255,14:31:33,15.41,--,22,33902,卖盘
256,14:31:24,15.41,--,4,6164,买盘
257,14:31:18,15.41,--,83,127903,买盘
258,14:31:12,15.41,0.01,1,1541,买盘
259,14:31:06,15.4,-0.01,17,27104,卖盘
260,14:31:03,15.41,0.01,4,6164,买盘
261,14:31:00,15.4,--,22,33880,卖盘
262,14:30:57,15.4,-0.01,1,1540,卖盘
263,14:30:54,15.41,0.01,14,21574,买盘
264,14:30:51,15.4,--,39,60060,卖盘
265,14:30:48,15.4,-0.01,6,9240,卖盘
266,14:30:42,15.41,0.01,5,7705,买盘
267,14:30:24,15.4,--,1,1540,卖盘
268,14:30:21,15.4,-0.01,9,13860,卖盘
269,14:30:18,15.41,0.01,7,10787,买盘
270,14:30:15,15.4,-0.01,11,16940,卖盘
271,14:30:12,15.41,--,20,30820,买盘
272,14:30:09,15.41,--,3,4623,买盘
273,14:30:03,15.41,0.01,31,47771,买盘
274,14:30:00,15.4,--,77,118580,卖盘
275,14:29:51,15.4,--,20,30800,卖盘
276,14:29:36,15.4,--,34,52360,卖盘
277,14:29:27,15.4,--,25,38500,卖盘
278,14:29:24,15.4,-0.01,6,9240,卖盘
279,14:29:15,15.41,--,34,52394,买盘
280,14:29:09,15.41,--,11,16951,买盘
281,14:29:03,15.41,--,96,147936,卖盘
282,14:28:57,15.41,--,7,10787,卖盘
283,14:28:51,15.41,--,12,18492,卖盘
284,14:28:48,15.41,--,11,16951,卖盘
285,14:28:45,15.41,-0.01,4,6164,卖盘
286,14:28:36,15.42,--,3,4626,买盘
287,14:28:18,15.42,0.01,3,4626,中性盘
288,14:28:00,15.41,--,29,44689,卖盘
289,14:27:57,15.41,--,35,53935,卖盘
290,14:27:54,15.41,--,25,38525,卖盘
291,14:27:48,15.41,-0.02,24,36984,卖盘
292,14:27:45,15.43,0.02,39,60177,买盘
293,14:27:33,15.41,--,17,26197,卖盘
294,14:27:30,15.41,-0.01,5,7705,卖盘
295,14:27:27,15.42,--,7,10794,卖盘
296,14:27:24,15.42,-0.01,1,1542,卖盘
297,14:27:18,15.43,0.01,1,1543,买盘
298,14:27:15,15.42,--,64,98688,卖盘
299,14:27:12,15.42,-0.01,24,37008,卖盘
300,14:27:06,15.43,0.01,1,1543,买盘
301,14:27:03,15.42,-0.01,11,16962,卖盘
302,14:26:51,15.43,--,189,291627,卖盘
303,14:26:48,15.43,--,5,7715,卖盘
304,14:26:45,15.43,--,60,92580,卖盘
305,14:26:42,15.43,--,77,118811,卖盘
306,14:26:39,15.43,--,70,108010,卖盘
307,14:26:30,15.43,-0.01,38,58634,卖盘
308,14:26:27,15.44,0.01,49,75656,买盘
309,14:26:24,15.43,--,15,23145,卖盘
310,14:26:15,15.43,--,11,16973,卖盘
311,14:26:09,15.43,--,6,9258,卖盘
312,14:26:06,15.43,--,5,7715,卖盘
313,14:26:00,15.43,--,18,27774,卖盘
314,14:25:45,15.43,-0.01,76,117268,卖盘
315,14:25:39,15.44,--,34,53206,卖盘
316,14:25:30,15.44,--,132,203808,卖盘
317,14:25:27,15.44,--,147,226968,卖盘
318,14:25:24,15.44,--,10,15440,卖盘
319,14:25:12,15.44,--,15,23160,卖盘
320,14:25:09,15.44,--,29,44776,卖盘
321,14:25:06,15.44,--,13,20072,卖盘
322,14:24:57,15.44,-0.01,10,15440,卖盘
323,14:24:51,15.45,--,87,134415,买盘
324,14:24:36,15.45,--,4,6180,买盘
325,14:24:33,15.45,-0.01,9,13905,卖盘
326,14:24:30,15.46,0.01,8,12368,买盘
327,14:24:21,15.45,-0.02,1,1545,中性盘
328,14:23:48,15.47,--,4,6188,买盘
329,14:23:39,15.47,0.03,2,3094,买盘
330,14:23:33,15.44,--,20,30880,卖盘
331,14:23:18,15.44,--,187,288728,卖盘
332,14:23:09,15.44,--,6,9264,卖盘
333,14:22:54,15.44,-0.01,300,463200,卖盘
334,14:22:39,15.45,-0.01,8,12360,卖盘
335,14:22:33,15.46,-0.02,2,3092,卖盘
336,14:22:21,15.48,0.02,29,44892,买盘
337,14:22:09,15.46,-0.02,8,12368,卖盘
338,14:22:00,15.48,0.02,1,1548,买盘
339,14:21:42,15.46,--,8,12368,卖盘
340,14:21:12,15.46,-0.02,10,15460,卖盘
341,14:21:09,15.48,0.02,7,10836,买盘
342,14:20:33,15.46,--,20,30920,卖盘
343,14:20:21,15.46,--,3,4638,买盘
344,14:20:06,15.46,0.01,1,1546,买盘
345,14:20:03,15.45,-0.01,58,89610,卖盘
346,14:19:57,15.46,-0.02,2,3092,中性盘
347,14:19:42,15.48,0.03,5,7740,买盘
348,14:19:30,15.45,--,18,27810,卖盘
349,14:19:27,15.45,--,16,24720,卖盘
350,14:19:24,15.45,-0.01,1,1545,卖盘
351,14:19:18,15.46,--,10,15460,买盘
352,14:18:54,15.46,0.01,1,1546,买盘
353,14:18:51,15.45,--,0,834,买盘
354,14:18:48,15.45,--,84,129780,买盘
355,14:18:45,15.45,--,5,7725,买盘
356,14:18:39,15.45,--,119,183855,买盘
357,14:18:27,15.45,--,13,20085,买盘
358,14:18:12,15.45,--,7,10815,买盘
359,14:18:06,15.45,0.01,5,7725,买盘
360,14:18:03,15.44,-0.01,43,66392,卖盘
361,14:18:00,15.45,--,42,64890,买盘
362,14:17:57,15.45,--,4,6180,买盘
363,14:17:54,15.45,--,3,4635,买盘
364,14:17:45,15.45,--,13,20085,买盘
365,14:17:42,15.45,--,10,15450,买盘
366,14:17:39,15.45,--,10,15450,买盘
367,14:17:33,15.45,--,40,61800,买盘
368,14:17:21,15.45,--,19,29355,买盘
369,14:17:18,15.45,--,20,30900,买盘
370,14:17:06,15.45,0.01,10,15450,买盘
371,14:17:03,15.44,--,2,3088,卖盘
372,14:16:57,15.44,-0.01,1,1544,卖盘
373,14:16:48,15.45,--,5,7725,买盘
374,14:16:45,15.45,--,1,1545,买盘
375,14:16:39,15.45,--,3,4635,买盘
376,14:16:36,15.45,--,1,1545,买盘
377,14:16:30,15.45,0.01,5,7725,买盘
378,14:16:27,15.44,--,4,6176,卖盘
379,14:16:24,15.44,-0.01,74,114256,卖盘
380,14:16:15,15.45,0.01,1,1545,买盘
381,14:16:06,15.44,-0.01,21,32424,卖盘
382,14:16:03,15.45,--,1,1545,买盘
383,14:16:00,15.45,--,9,13905,买盘
384,14:15:54,15.45,0.01,14,21630,买盘
385,14:15:51,15.44,-0.01,10,15440,卖盘
386,14:15:42,15.45,--,10,15450,买盘
387,14:15:39,15.45,0.01,3,4635,买盘
388,14:15:30,15.44,--,59,91096,卖盘
389,14:15:27,15.44,-0.01,4,6176,卖盘
390,14:15:24,15.45,0.01,8,12360,买盘
391,14:15:21,15.44,--,7,10808,卖盘
392,14:15:18,15.44,-0.01,22,33968,卖盘
393,14:15:15,15.45,0.01,73,112785,买盘
394,14:15:06,15.44,-0.01,42,64848,卖盘
395,14:14:57,15.45,--,13,20085,买盘
396,14:14:51,15.45,--,3,4635,买盘
397,14:14:48,15.45,-0.01,702,1085300,卖盘
398,14:14:39,15.46,0.01,30,46380,买盘
399,14:14:36,15.45,--,46,71070,卖盘
400,14:14:30,15.45,-0.01,44,67980,卖盘
401,14:14:24,15.46,--,11,17006,买盘
402,14:14:12,15.46,--,71,109766,卖盘
403,14:14:03,15.46,--,53,81938,卖盘
404,14:13:54,15.46,-0.01,16,24736,卖盘
405,14:13:48,15.47,0.01,2,3094,买盘
406,14:13:45,15.46,-0.01,2,3092,卖盘
407,14:13:33,15.47,--,147,227409,买盘
408,14:13:27,15.47,0.01,45,69615,买盘
409,14:13:21,15.46,--,43,66478,卖盘
410,14:13:18,15.46,-0.01,34,52564,卖盘
411,14:13:09,15.47,--,5,7735,买盘
412,14:12:57,15.47,0.01,37,57239,中性盘
413,14:12:45,15.46,-0.01,13,20098,卖盘
414,14:12:36,15.47,--,4,6188,买盘
415,14:12:03,15.47,--,4,6188,买盘
416,14:11:51,15.47,--,11,17017,买盘
417,14:11:48,15.47,--,53,81991,卖盘
418,14:11:45,15.47,--,10,15470,卖盘
419,14:11:39,15.47,-0.01,35,54145,卖盘
420,14:11:18,15.48,--,20,30960,卖盘
421,14:11:06,15.48,-0.01,49,75852,卖盘
422,14:11:03,15.49,--,2,3098,卖盘
423,14:10:57,15.49,0.01,10,15490,买盘
424,14:10:39,15.48,--,1,1548,卖盘
425,14:10:30,15.48,--,10,15480,卖盘
426,14:10:27,15.48,--,17,26316,卖盘
427,14:10:21,15.48,-0.02,30,46440,卖盘
428,14:10:15,15.5,0.02,30,46500,买盘
429,14:10:12,15.48,--,1,1548,卖盘
430,14:09:45,15.48,--,30,46440,卖盘
431,14:09:36,15.48,--,4,6192,卖盘
432,14:09:18,15.48,--,20,30960,卖盘
433,14:09:00,15.48,--,1,1548,卖盘
434,14:08:57,15.48,-0.02,5,7740,卖盘
435,14:08:51,15.5,-0.01,2,3100,中性盘
436,14:08:36,15.51,0.02,1,1551,买盘
437,14:08:30,15.49,--,2,3098,卖盘
438,14:08:27,15.49,-0.01,13,20137,卖盘
439,14:08:24,15.5,0.01,1,1550,买盘
440,14:08:15,15.49,--,17,26333,卖盘
441,14:08:12,15.49,--,2,3098,卖盘
442,14:08:06,15.49,-0.01,9,13941,卖盘
443,14:08:03,15.5,--,3,4650,卖盘
444,14:08:00,15.5,--,20,31000,卖盘
445,14:07:54,15.5,--,4,6200,卖盘
446,14:07:51,15.5,--,10,15500,卖盘
447,14:07:48,15.5,--,108,167400,卖盘
448,14:07:42,15.5,--,40,62000,卖盘
449,14:07:39,15.5,-0.01,30,46500,卖盘
450,14:07:36,15.51,0.01,1,1551,买盘
451,14:07:33,15.5,--,11,17050,卖盘
452,14:07:18,15.5,--,6,9300,卖盘
453,14:07:15,15.5,--,1,1550,卖盘
454,14:07:12,15.5,--,11,17050,卖盘
455,14:07:09,15.5,-0.01,2,3100,卖盘
456,14:06:57,15.51,0.01,1,1551,买盘
457,14:06:54,15.5,--,32,49600,卖盘
458,14:06:48,15.5,-0.01,12,18600,卖盘
459,14:06:42,15.51,--,5,7755,买盘
460,14:06:30,15.51,--,1,1551,卖盘
461,14:06:27,15.51,--,10,15510,卖盘
462,14:06:18,15.51,--,8,12408,卖盘
463,14:06:15,15.51,--,17,26367,卖盘
464,14:06:09,15.51,-0.01,3,4653,卖盘
465,14:05:57,15.52,--,18,27936,买盘
466,14:05:51,15.52,0.01,114,176928,买盘
467,14:05:39,15.51,--,3,4653,买盘
468,14:05:33,15.51,0.01,9,13959,买盘
469,14:05:30,15.5,-0.01,50,77500,卖盘
470,14:05:15,15.51,--,15,23265,买盘
471,14:04:42,15.51,0.01,12,18612,买盘
472,14:04:24,15.5,-0.01,5,7750,卖盘
473,14:04:12,15.51,0.01,1,1551,买盘
474,14:03:42,15.5,-0.01,2,3100,卖盘
475,14:03:18,15.51,--,28,43428,卖盘
476,14:03:00,15.51,--,16,24816,卖盘
477,14:02:57,15.51,--,3,4653,卖盘
478,14:02:54,15.51,--,12,18612,卖盘
479,14:02:45,15.51,0.01,42,65142,买盘
480,14:02:39,15.5,0.01,32,49600,买盘
481,14:02:36,15.49,-0.01,8,12392,卖盘
482,14:02:21,15.5,--,18,27900,卖盘
483,14:02:18,15.5,--,9,13950,卖盘
484,14:02:09,15.5,--,27,41850,卖盘
485,14:02:06,15.5,--,63,97650,卖盘
486,14:02:00,15.5,--,109,168950,卖盘
487,14:01:57,15.5,--,8,12400,卖盘
488,14:01:54,15.5,--,3,4650,卖盘
489,14:01:45,15.5,0.01,63,97650,买盘
490,14:01:33,15.49,-0.01,12,18588,卖盘
491,14:01:03,15.5,--,1,1550,买盘
492,14:01:00,15.5,--,3,4650,卖盘
493,14:00:57,15.5,--,10,15500,卖盘
494,14:00:54,15.5,--,53,82150,卖盘
495,14:00:45,15.5,-0.01,57,88350,卖盘
496,14:00:15,15.51,--,4,6204,卖盘
497,14:00:06,15.51,--,5,7755,买盘
498,14:00:00,15.51,--,9,13959,买盘
499,13:59:57,15.51,--,8,12408,买盘
500,13:59:45,15.51,-0.01,5,7755,中性盘
501,13:59:36,15.52,0.02,4,6208,买盘
502,13:59:33,15.5,-0.01,15,23250,卖盘
503,13:59:24,15.51,--,10,15510,买盘
504,13:59:21,15.51,--,3,4653,买盘
505,13:59:15,15.51,--,5,7755,买盘
506,13:59:03,15.51,--,4,6204,卖盘
507,13:58:48,15.51,--,6,9306,买盘
508,13:58:27,15.51,0.01,14,21714,买盘
509,13:58:24,15.5,--,15,23250,卖盘
510,13:58:18,15.5,--,10,15500,买盘
511,13:58:15,15.5,-0.01,10,15500,卖盘
512,13:58:03,15.51,0.02,67,103917,买盘
513,13:57:57,15.49,-0.01,1,1549,卖盘
514,13:57:42,15.5,0.01,20,31000,买盘
515,13:57:18,15.49,0.01,20,30980,买盘
516,13:57:15,15.48,--,1,1548,卖盘
517,13:57:06,15.48,--,17,26316,卖盘
518,13:56:57,15.48,--,3,4644,卖盘
519,13:56:45,15.48,--,1,1548,卖盘
520,13:56:39,15.48,-0.01,34,52632,卖盘
521,13:56:33,15.49,-0.01,23,35627,中性盘
522,13:56:15,15.5,0.01,24,37200,买盘
523,13:56:09,15.49,--,4,6196,买盘
524,13:56:06,15.49,--,2,3098,买盘
525,13:55:51,15.49,--,5,7745,卖盘
526,13:55:48,15.49,--,3,4647,卖盘
527,13:55:45,15.49,0.01,2,3098,买盘
528,13:55:39,15.48,--,4,6192,卖盘
529,13:55:33,15.48,--,10,15480,买盘
530,13:55:30,15.48,--,6,9288,买盘
531,13:55:24,15.48,0.01,14,21672,买盘
532,13:55:09,15.47,-0.01,6,9282,卖盘
533,13:55:03,15.48,0.01,7,10836,买盘
534,13:54:54,15.47,-0.01,1,1547,卖盘
535,13:54:48,15.48,--,26,40248,买盘
536,13:54:45,15.48,0.01,15,23220,买盘
537,13:54:39,15.47,-0.01,8,12376,卖盘
538,13:54:36,15.48,0.01,39,60372,买盘
539,13:54:24,15.47,--,4,6188,卖盘
540,13:54:09,15.47,--,8,12376,卖盘
541,13:54:06,15.47,--,13,20111,卖盘
542,13:54:03,15.47,--,5,7735,卖盘
543,13:53:54,15.47,--,4,6188,卖盘
544,13:53:45,15.47,--,6,9282,卖盘
545,13:53:42,15.47,--,9,13923,卖盘
546,13:53:09,15.47,--,3,4641,卖盘
547,13:52:33,15.47,0.01,18,27846,买盘
548,13:52:27,15.46,-0.01,1,1546,卖盘
549,13:52:18,15.47,--,15,23205,卖盘
550,13:51:57,15.47,--,4,6188,卖盘
551,13:51:51,15.47,--,16,24752,卖盘
552,13:51:48,15.47,--,50,77350,卖盘
553,13:51:42,15.47,--,20,30940,卖盘
554,13:51:27,15.47,-0.01,2,3094,卖盘
555,13:51:12,15.48,0.01,4,6192,买盘
556,13:51:09,15.47,-0.01,37,57239,卖盘
557,13:50:48,15.48,-0.01,10,15480,卖盘
558,13:50:36,15.49,--,13,20137,卖盘
559,13:50:33,15.49,--,14,21686,卖盘
560,13:50:27,15.49,--,5,7745,卖盘
561,13:50:00,15.49,-0.01,8,12392,卖盘
562,13:49:33,15.5,0.01,6,9300,买盘
563,13:49:21,15.49,-0.01,5,7745,卖盘
564,13:49:18,15.5,--,8,12400,买盘
565,13:49:09,15.5,--,1,1550,卖盘
566,13:49:06,15.5,--,1,1550,卖盘
567,13:49:03,15.5,--,4,6200,中性盘
568,13:48:48,15.5,--,10,15500,卖盘
569,13:48:45,15.5,--,9,13950,卖盘
570,13:48:33,15.5,-0.02,18,27900,卖盘
571,13:48:18,15.52,--,2,3104,卖盘
572,13:48:15,15.52,--,2,3104,卖盘
573,13:48:09,15.52,--,5,7760,卖盘
574,13:48:06,15.52,--,2,3104,卖盘
575,13:47:54,15.52,--,2,3104,卖盘
576,13:47:39,15.52,--,22,34144,卖盘
577,13:47:36,15.52,-0.01,10,15520,中性盘
578,13:47:18,15.53,0.01,38,59014,买盘
579,13:47:12,15.52,-0.01,34,52768,卖盘
580,13:47:06,15.53,--,14,21742,买盘
581,13:46:57,15.53,--,2,3106,买盘
582,13:46:54,15.53,--,15,23295,买盘
583,13:46:36,15.53,--,4,6212,卖盘
584,13:46:33,15.53,--,3,4659,买盘
585,13:46:24,15.53,--,3,4659,卖盘
586,13:46:06,15.53,--,2,3106,卖盘
587,13:46:03,15.53,--,14,21742,卖盘
588,13:46:00,15.53,0.03,41,63673,买盘
589,13:45:51,15.5,--,0,403,卖盘
590,13:45:36,15.5,-0.01,7,11997,卖盘
591,13:45:33,15.51,--,5,7755,买盘
592,13:45:15,15.51,0.01,43,66693,买盘
593,13:45:12,15.5,--,69,106950,买盘
594,13:45:06,15.5,0.01,18,27900,买盘
595,13:44:57,15.49,--,1,1549,卖盘
596,13:44:42,15.49,--,2,3098,卖盘
597,13:44:24,15.49,--,3,4647,买盘
598,13:44:21,15.49,--,55,85195,买盘
599,13:44:18,15.49,0.01,6,9294,买盘
600,13:44:15,15.48,--,1,1548,卖盘
601,13:44:12,15.48,-0.01,2,3096,卖盘
602,13:44:03,15.49,0.01,10,15490,买盘
603,13:43:33,15.48,0.03,20,30960,买盘
604,13:43:30,15.45,-0.01,25,38625,卖盘
605,13:43:24,15.46,--,7,10822,买盘
606,13:43:15,15.46,0.01,14,21644,中性盘
607,13:43:03,15.45,-0.01,11,18138,卖盘
608,13:42:54,15.46,--,46,71517,卖盘
609,13:42:51,15.46,--,1,1546,卖盘
610,13:42:33,15.46,-0.01,240,371040,卖盘
611,13:42:09,15.47,--,1,1547,卖盘
612,13:42:06,15.47,-0.01,2,3094,卖盘
613,13:42:03,15.48,0.01,5,7740,买盘
614,13:42:00,15.47,-0.01,10,15470,卖盘
615,13:41:54,15.48,--,2,3096,买盘
616,13:41:48,15.48,0.01,2,3096,买盘
617,13:41:45,15.47,-0.01,10,15470,卖盘
618,13:41:33,15.48,0.01,7,10836,买盘
619,13:41:27,15.47,--,1,1547,卖盘
620,13:41:24,15.47,--,5,7735,卖盘
621,13:41:21,15.47,--,13,20111,卖盘
622,13:41:18,15.47,-0.02,123,190281,卖盘
623,13:41:15,15.49,0.01,49,75901,买盘
624,13:41:12,15.48,0.01,20,30960,买盘
625,13:41:06,15.47,-0.01,22,34034,卖盘
626,13:41:03,15.48,0.01,5,7740,买盘
627,13:40:48,15.47,-0.01,1,1547,卖盘
628,13:40:33,15.48,--,5,7740,买盘
629,13:40:03,15.48,--,5,7740,买盘
630,13:40:00,15.48,--,40,61920,买盘
631,13:39:51,15.48,--,1,1548,买盘
632,13:39:15,15.48,--,33,51084,买盘
633,13:38:57,15.48,--,20,30960,买盘
634,13:38:54,15.48,--,4,6192,卖盘
635,13:38:48,15.48,--,5,7740,卖盘
636,13:38:33,15.48,--,2,3096,卖盘
637,13:38:30,15.48,0.01,1,1548,买盘
638,13:38:00,15.47,--,10,15470,卖盘
639,13:37:57,15.47,--,1,1547,卖盘
640,13:37:33,15.47,-0.01,9,13923,卖盘
641,13:37:30,15.48,--,5,7740,买盘
642,13:37:12,15.48,--,2,3096,卖盘
643,13:36:54,15.48,0.01,3,4644,买盘
644,13:36:42,15.47,-0.03,5,7735,卖盘
645,13:36:24,15.5,0.03,48,74400,买盘
646,13:36:09,15.47,-0.01,1,1547,卖盘
647,13:36:00,15.48,0.01,104,160992,买盘
648,13:35:57,15.47,--,1,1547,卖盘
649,13:35:51,15.47,0.01,1,1547,买盘
650,13:35:42,15.46,-0.01,63,97398,卖盘
651,13:35:36,15.47,0.01,18,28990,买盘
652,13:35:33,15.46,--,6,9276,卖盘
653,13:35:24,15.46,-0.01,1,1546,卖盘
654,13:35:21,15.47,--,24,37530,卖盘
655,13:35:18,15.47,--,9,13923,卖盘
656,13:34:54,15.47,--,1,1547,卖盘
657,13:34:48,15.47,--,4,6188,卖盘
658,13:34:42,15.47,--,14,22802,卖盘
659,13:34:24,15.47,--,1,1547,卖盘
660,13:34:09,15.47,-0.01,42,64974,卖盘
661,13:34:03,15.48,--,20,30960,卖盘
662,13:33:54,15.48,--,3,4644,卖盘
663,13:33:51,15.48,-0.01,3,4644,卖盘
664,13:33:48,15.49,--,2,3098,买盘
665,13:33:45,15.49,--,4,6196,卖盘
666,13:33:39,15.49,-0.01,16,24784,卖盘
667,13:33:30,15.5,--,21,32550,卖盘
668,13:33:24,15.5,--,1,1550,卖盘
669,13:33:21,15.5,-0.01,24,37200,卖盘
670,13:32:48,15.51,0.01,12,18612,中性盘
671,13:32:24,15.5,--,1,1550,卖盘
672,13:32:21,15.5,-0.01,167,258850,卖盘
673,13:31:51,15.51,--,3,4653,中性盘
674,13:31:27,15.51,0.01,7,10857,买盘
675,13:31:24,15.5,-0.01,1,1550,卖盘
676,13:31:06,15.51,0.01,6,9306,买盘
677,13:30:24,15.5,--,1,1550,卖盘
678,13:30:09,15.5,-0.01,1,1550,卖盘
679,13:30:03,15.51,--,30,46530,买盘
680,13:29:54,15.51,--,23,35673,买盘
681,13:29:45,15.51,--,6,9306,买盘
682,13:29:42,15.51,--,6,9306,买盘
683,13:29:36,15.51,0.01,10,15510,买盘
684,13:29:27,15.5,--,6,9300,卖盘
685,13:29:12,15.5,--,1,1550,卖盘
686,13:29:06,15.5,--,1,1550,卖盘
687,13:29:03,15.5,-0.01,1,1550,卖盘
688,13:29:00,15.51,0.01,7,10857,买盘
689,13:28:57,15.5,--,10,15500,卖盘
690,13:28:30,15.5,-0.01,24,37200,卖盘
691,13:28:24,15.51,0.01,18,27918,买盘
692,13:28:18,15.5,--,10,15500,卖盘
693,13:28:06,15.5,--,63,97650,卖盘
694,13:27:54,15.5,--,1,1550,卖盘
695,13:27:51,15.5,--,4,6200,卖盘
696,13:27:48,15.5,--,10,15500,卖盘
697,13:27:36,15.5,--,17,26350,卖盘
698,13:27:27,15.5,--,12,18600,卖盘
699,13:27:18,15.5,-0.01,17,26350,卖盘
700,13:27:09,15.51,--,12,18612,买盘
701,13:26:51,15.51,--,118,183018,卖盘
702,13:26:48,15.51,--,9,13959,卖盘
703,13:26:36,15.51,--,1,1551,卖盘
704,13:26:06,15.51,-0.01,14,21714,卖盘
705,13:26:03,15.52,-0.01,95,147440,卖盘
706,13:25:42,15.53,-0.01,6,9318,卖盘
707,13:25:27,15.54,0.01,6,9324,买盘
708,13:25:03,15.53,--,1,1553,卖盘
709,13:25:00,15.53,--,8,12424,买盘
710,13:24:57,15.53,--,3,4659,买盘
711,13:24:48,15.53,--,5,7765,买盘
712,13:24:42,15.53,--,12,18636,买盘
713,13:24:39,15.53,-0.01,51,79203,卖盘
714,13:24:33,15.54,0.01,93,144522,买盘
715,13:24:21,15.53,--,2,3106,买盘
716,13:24:18,15.53,--,3,4659,买盘
717,13:24:12,15.53,--,3,4659,买盘
718,13:24:00,15.53,--,15,23295,买盘
719,13:23:42,15.53,--,1,1553,买盘
720,13:23:33,15.53,--,13,20189,买盘
721,13:23:30,15.53,0.01,4,6212,买盘
722,13:23:06,15.52,--,1,1552,卖盘
723,13:23:03,15.52,--,10,15520,卖盘
724,13:23:00,15.52,--,7,10864,卖盘
725,13:22:57,15.52,0.01,1,1552,中性盘
726,13:22:51,15.51,-0.01,3,4653,卖盘
727,13:22:30,15.52,--,2,3104,卖盘
728,13:22:27,15.52,--,5,7760,卖盘
729,13:22:24,15.52,--,1,1552,卖盘
730,13:22:21,15.52,--,8,12416,卖盘
731,13:22:12,15.52,--,13,20176,卖盘
732,13:22:06,15.52,--,3,4656,卖盘
733,13:22:00,15.52,--,1,1552,卖盘
734,13:21:33,15.52,0.01,2,3104,买盘
735,13:21:21,15.51,--,15,23265,卖盘
736,13:21:12,15.51,--,1,1551,卖盘
737,13:20:48,15.51,-0.02,6,9306,卖盘
738,13:20:42,15.53,0.01,2,3106,买盘
739,13:20:09,15.52,0.01,24,37248,买盘
740,13:19:57,15.51,--,1,1551,卖盘
741,13:19:48,15.51,--,3,4653,卖盘
742,13:19:36,15.51,0.01,2,3102,买盘
743,13:19:18,15.5,--,1,1550,卖盘
744,13:18:57,15.5,--,1,1550,卖盘
745,13:18:42,15.5,--,1,1550,卖盘
746,13:18:15,15.5,--,9,13950,卖盘
747,13:17:57,15.5,-0.02,1,1550,卖盘
748,13:17:24,15.52,0.02,2,3104,买盘
749,13:16:48,15.5,--,74,114700,卖盘
750,13:16:24,15.5,-0.01,181,280550,卖盘
751,13:16:21,15.51,0.01,80,124080,中性盘
752,13:16:12,15.5,-0.01,194,300700,卖盘
753,13:15:57,15.51,--,1,1551,卖盘
754,13:15:12,15.51,-0.01,1,1551,卖盘
755,13:15:06,15.52,0.01,5,7760,买盘
756,13:14:57,15.51,--,16,24816,卖盘
757,13:14:42,15.51,--,1,1551,买盘
758,13:14:36,15.51,-0.01,14,21714,卖盘
759,13:14:30,15.52,0.01,2,3104,买盘
760,13:14:24,15.51,--,12,18612,卖盘
761,13:14:21,15.51,--,18,27918,卖盘
762,13:14:15,15.51,--,34,52734,卖盘
763,13:14:12,15.51,--,32,49632,卖盘
764,13:14:03,15.51,--,1,1551,卖盘
765,13:14:00,15.51,-0.02,50,77550,卖盘
766,13:13:57,15.53,--,50,77650,买盘
767,13:13:51,15.53,0.01,56,86968,买盘
768,13:12:57,15.52,--,1,1552,卖盘
769,13:12:51,15.52,-0.01,1,1552,卖盘
770,13:12:42,15.53,0.01,20,31060,买盘
771,13:12:36,15.52,--,13,20176,卖盘
772,13:12:03,15.52,--,4,6208,卖盘
773,13:11:42,15.52,--,1,1552,卖盘
774,13:11:03,15.52,-0.01,34,52768,卖盘
775,13:10:54,15.53,--,16,24848,卖盘
776,13:10:27,15.53,--,1,1553,卖盘
777,13:09:15,15.53,--,1,1553,卖盘
778,13:09:09,15.53,--,4,6212,卖盘
779,13:08:48,15.53,--,5,7765,卖盘
780,13:08:03,15.53,--,5,7765,卖盘
781,13:08:00,15.53,-0.01,1,1553,卖盘
782,13:07:42,15.54,--,12,18648,买盘
783,13:07:39,15.54,0.01,20,31080,买盘
784,13:07:33,15.53,--,6,9318,卖盘
785,13:07:00,15.53,--,15,23295,卖盘
786,13:06:45,15.53,-0.01,1,1553,卖盘
787,13:06:42,15.54,--,25,38850,买盘
788,13:06:39,15.54,--,64,99456,卖盘
789,13:06:27,15.54,-0.01,19,29526,卖盘
790,13:06:12,15.55,0.01,5,7775,买盘
791,13:06:09,15.54,-0.01,10,15540,卖盘
792,13:06:06,15.55,0.01,20,31100,买盘
793,13:05:54,15.54,-0.01,2,3108,卖盘
794,13:05:42,15.55,--,6,9330,买盘
795,13:05:39,15.55,--,7,10885,买盘
796,13:04:39,15.55,--,6,9330,买盘
797,13:04:36,15.55,--,8,12440,买盘
798,13:04:00,15.55,--,2,3110,买盘
799,13:03:42,15.55,--,4,6220,买盘
800,13:03:39,15.55,--,6,9330,买盘
801,13:03:36,15.55,--,7,10885,买盘
802,13:03:33,15.55,0.01,1,1555,买盘
803,13:03:30,15.54,-0.01,1,1554,卖盘
804,13:03:24,15.55,0.01,2,3110,买盘
805,13:03:21,15.54,--,10,15540,卖盘
806,13:02:45,15.54,-0.01,5,7770,卖盘
807,13:02:39,15.55,--,6,9330,买盘
808,13:02:36,15.55,0.01,25,38875,买盘
809,13:02:00,15.54,-0.02,2,3108,卖盘
810,13:01:36,15.56,0.02,13,20228,买盘
811,13:01:30,15.54,-0.01,13,20202,卖盘
812,13:01:27,15.55,--,1,1555,卖盘
813,13:01:21,15.55,--,2,3110,买盘
814,13:01:00,15.55,--,12,18660,买盘
815,13:00:36,15.55,--,5,7775,买盘
816,13:00:33,15.55,0.01,8,12440,买盘
817,13:00:24,15.54,--,1,1554,卖盘
818,13:00:09,15.54,0.01,2,3108,卖盘
819,13:00:06,15.53,--,3,4659,卖盘
820,13:00:03,15.53,-0.01,58,90074,中性盘
821,13:00:00,15.54,--,0,0,买盘
822,11:30:00,15.54,--,0,0,买盘
823,11:29:54,15.54,0.01,12,18648,买盘
824,11:29:45,15.53,-0.01,10,15530,卖盘
825,11:29:33,15.54,0.01,13,20202,买盘
826,11:29:24,15.53,-0.01,2,3106,卖盘
827,11:29:21,15.54,--,8,12432,买盘
828,11:28:48,15.54,--,7,10878,卖盘
829,11:28:36,15.54,-0.01,7,10878,卖盘
830,11:28:33,15.55,--,5,7775,买盘
831,11:28:30,15.55,--,8,12440,买盘
832,11:28:24,15.55,0.01,3,4665,买盘
833,11:28:21,15.54,-0.01,3,4662,卖盘
834,11:27:51,15.55,--,10,15550,买盘
835,11:27:48,15.55,--,20,31100,买盘
836,11:27:42,15.55,-0.01,1,1555,中性盘
837,11:27:36,15.56,--,50,77800,买盘
838,11:27:33,15.56,--,1,1556,买盘
839,11:27:30,15.56,0.01,13,20228,买盘
840,11:27:24,15.55,--,1,1555,卖盘
841,11:27:21,15.55,-0.01,10,15550,中性盘
842,11:26:54,15.56,--,15,23340,买盘
843,11:26:39,15.56,--,8,12448,买盘
844,11:26:30,15.56,--,6,9336,买盘
845,11:26:27,15.56,--,10,15560,买盘
846,11:26:12,15.56,0.02,4,6224,买盘
847,11:26:09,15.54,--,6,9324,买盘
848,11:25:30,15.54,-0.01,16,24864,卖盘
849,11:25:27,15.55,--,13,20215,买盘
850,11:25:21,15.55,--,20,31100,买盘
851,11:25:15,15.55,--,1,1555,买盘
852,11:25:12,15.55,--,7,10885,买盘
853,11:24:42,15.55,--,2,3110,卖盘
854,11:24:27,15.55,-0.01,25,38875,卖盘
855,11:24:24,15.56,--,8,12448,买盘
856,11:24:18,15.56,0.01,1,1556,买盘
857,11:24:15,15.55,--,26,40430,卖盘
858,11:24:09,15.55,-0.01,7,10885,卖盘
859,11:23:57,15.56,--,3,4668,买盘
860,11:23:27,15.56,--,5,7780,买盘
861,11:23:24,15.56,--,8,12448,买盘
862,11:22:39,15.56,--,32,49792,买盘
863,11:22:33,15.56,--,5,7780,买盘
864,11:22:30,15.56,--,1,1556,买盘
865,11:22:24,15.56,--,31,48236,买盘
866,11:22:21,15.56,--,12,18672,买盘
867,11:22:12,15.56,0.01,15,23340,买盘
868,11:22:09,15.55,-0.01,33,51315,卖盘
869,11:22:03,15.56,0.01,4,6224,买盘
870,11:22:00,15.55,-0.01,1,1555,卖盘
871,11:21:57,15.56,--,107,166492,卖盘
872,11:21:45,15.56,--,3,4668,买盘
873,11:21:42,15.56,--,5,7780,买盘
874,11:21:36,15.56,--,5,7780,卖盘
875,11:21:24,15.56,--,5,7780,买盘
876,11:21:21,15.56,--,15,23340,买盘
877,11:21:18,15.56,--,2,3112,买盘
878,11:21:09,15.56,--,5,7780,卖盘
879,11:20:54,15.56,-0.01,1,1556,卖盘
880,11:20:48,15.57,--,8,12456,卖盘
881,11:20:45,15.57,0.02,47,73179,买盘
882,11:20:42,15.55,-0.01,11,17105,卖盘
883,11:20:36,15.56,--,58,90248,买盘
884,11:20:27,15.56,0.01,28,43568,买盘
885,11:20:24,15.55,-0.01,10,15550,卖盘
886,11:20:21,15.56,--,6,9336,买盘
887,11:20:18,15.56,0.01,7,10892,买盘
888,11:20:06,15.55,--,1,1555,卖盘
889,11:20:03,15.55,0.01,14,21770,买盘
890,11:20:00,15.54,-0.01,1,1554,卖盘
891,11:19:48,15.55,--,7,10885,买盘
892,11:19:39,15.55,--,19,29545,买盘
893,11:19:27,15.55,--,10,15550,买盘
894,11:19:21,15.55,--,5,7775,买盘
895,11:19:15,15.55,0.01,8,12440,买盘
896,11:19:00,15.54,--,1,1554,卖盘
897,11:18:54,15.54,-0.01,1,1554,卖盘
898,11:18:33,15.55,--,5,7775,买盘
899,11:18:21,15.55,--,5,7775,买盘
900,11:18:18,15.55,--,8,12440,买盘
901,11:18:06,15.55,0.01,2,3110,买盘
902,11:18:03,15.54,--,23,35742,卖盘
903,11:18:00,15.54,-0.01,2,3108,卖盘
904,11:17:57,15.55,--,40,62200,买盘
905,11:17:54,15.55,--,10,15550,买盘
906,11:17:21,15.55,--,5,7775,买盘
907,11:17:18,15.55,0.01,9,13995,买盘
908,11:16:48,15.54,-0.01,58,90132,卖盘
909,11:16:36,15.55,0.01,36,55980,买盘
910,11:16:30,15.54,0.01,48,74592,买盘
911,11:16:27,15.53,0.01,3,4659,买盘
912,11:16:18,15.52,0.02,25,38800,买盘
913,11:16:12,15.5,-0.01,23,35650,卖盘
914,11:16:09,15.51,0.01,9,13959,买盘
915,11:15:57,15.5,0.01,724,1122200,买盘
916,11:15:48,15.49,--,10,15490,买盘
917,11:15:42,15.49,0.01,13,20137,买盘
918,11:15:27,15.48,--,21,32508,卖盘
919,11:15:24,15.48,--,1,1548,卖盘
920,11:15:12,15.48,-0.01,2,3096,卖盘
921,11:15:09,15.49,0.01,27,41823,买盘
922,11:15:06,15.48,--,1,1548,卖盘
923,11:15:00,15.48,-0.01,50,77400,卖盘
924,11:14:48,15.49,0.02,6,9294,买盘
925,11:14:06,15.47,-0.02,1,1547,卖盘
926,11:14:03,15.49,0.02,101,156449,买盘
927,11:13:57,15.47,-0.02,10,15470,卖盘
928,11:13:51,15.49,--,7,10843,买盘
929,11:13:39,15.49,0.01,1,1549,买盘
930,11:13:36,15.48,0.01,2,3096,买盘
931,11:13:30,15.47,-0.01,9,13923,卖盘
932,11:13:18,15.48,0.01,5,7740,买盘
933,11:13:09,15.47,--,278,430066,买盘
934,11:12:57,15.47,-0.01,38,58786,卖盘
935,11:12:54,15.48,0.01,101,156348,买盘
936,11:12:36,15.47,--,4,6188,卖盘
937,11:12:27,15.47,--,2,3094,卖盘
938,11:12:21,15.47,--,33,51051,卖盘
939,11:11:57,15.47,--,1,1547,卖盘
940,11:11:54,15.47,--,2,3094,卖盘
941,11:11:51,15.47,-0.01,1,1547,卖盘
942,11:11:36,15.48,0.01,5,7740,买盘
943,11:11:21,15.47,-0.01,5,7735,卖盘
944,11:11:18,15.48,--,5,7740,买盘
945,11:11:06,15.48,--,7,10836,买盘
946,11:10:57,15.48,--,28,43344,卖盘
947,11:10:42,15.48,--,3,4644,卖盘
948,11:10:33,15.48,--,2,3096,中性盘
949,11:10:15,15.48,0.01,5,7740,买盘
950,11:10:06,15.47,--,5,7735,买盘
951,11:10:03,15.47,--,6,9282,买盘
952,11:09:36,15.47,--,15,23205,买盘
953,11:09:09,15.47,0.01,5,7735,买盘
954,11:08:57,15.46,-0.01,20,30920,卖盘
955,11:08:54,15.47,--,5,7735,买盘
956,11:08:45,15.47,0.01,17,26299,买盘
957,11:08:24,15.46,--,7,10822,卖盘
958,11:08:18,15.46,--,1,1546,卖盘
959,11:08:03,15.46,--,20,30920,卖盘
960,11:07:54,15.46,--,7,10822,买盘
961,11:07:51,15.46,--,15,23190,买盘
962,11:07:45,15.46,--,30,46380,买盘
963,11:07:42,15.46,0.01,7,10822,买盘
964,11:07:33,15.45,-0.01,0,1236,卖盘
965,11:07:30,15.46,--,18,27828,买盘
966,11:07:27,15.46,--,4,6184,买盘
967,11:07:24,15.46,--,1,1546,买盘
968,11:07:21,15.46,--,5,7730,买盘
969,11:07:18,15.46,0.01,9,13914,买盘
970,11:06:54,15.45,-0.01,5,7725,卖盘
971,11:06:42,15.46,--,31,47926,卖盘
972,11:06:30,15.46,--,10,15460,卖盘
973,11:06:09,15.46,--,4,6184,卖盘
974,11:05:57,15.46,--,2,3092,买盘
975,11:05:54,15.46,--,5,7730,买盘
976,11:05:27,15.46,-0.01,3,4638,卖盘
977,11:05:21,15.47,--,1,1547,买盘
978,11:04:57,15.47,0.02,1,1547,买盘
979,11:04:21,15.45,--,1,1545,卖盘
980,11:04:18,15.45,--,5,7725,卖盘
981,11:04:15,15.45,-0.02,5,7725,卖盘
982,11:03:48,15.47,0.02,1,1547,买盘
983,11:03:42,15.45,--,1,1545,卖盘
984,11:03:30,15.45,--,105,162225,卖盘
985,11:03:18,15.45,--,2,3090,卖盘
986,11:02:57,15.45,--,1,1545,卖盘
987,11:02:42,15.45,--,5,7725,卖盘
988,11:02:24,15.45,-0.02,1,1545,卖盘
989,11:02:06,15.47,--,3,4641,卖盘
990,11:01:54,15.47,--,22,34034,卖盘
991,11:01:51,15.47,--,16,24752,卖盘
992,11:01:30,15.47,-0.01,2,3094,卖盘
993,11:01:27,15.48,--,1,1548,卖盘
994,11:01:24,15.48,0.01,24,37152,买盘
995,11:01:21,15.47,-0.01,15,23205,卖盘
996,11:01:06,15.48,0.03,4,6192,买盘
997,11:00:48,15.45,-0.02,80,123600,卖盘
998,11:00:27,15.47,--,1,1547,卖盘
999,11:00:18,15.47,0.01,50,77350,买盘
1000,11:00:15,15.46,--,20,30920,卖盘
1001,10:59:51,15.46,--,67,103582,卖盘
1002,10:59:27,15.46,--,1,1546,卖盘
1003,10:59:24,15.46,-0.02,1,1546,卖盘
1004,10:59:12,15.48,0.01,29,44892,买盘
1005,10:59:06,15.47,--,2,3094,买盘
1006,10:58:57,15.47,--,13,20111,卖盘
1007,10:58:51,15.47,--,1,1547,卖盘
1008,10:58:42,15.47,--,2,3094,卖盘
1009,10:58:39,15.47,--,10,15470,卖盘
1010,10:58:27,15.47,--,3,4641,卖盘
1011,10:58:18,15.47,--,10,15470,卖盘
1012,10:58:00,15.47,-0.03,3,4641,卖盘
1013,10:57:42,15.5,--,1,1550,买盘
1014,10:57:36,15.5,--,1,1550,买盘
1015,10:57:15,15.5,0.03,15,23250,买盘
1016,10:57:03,15.47,--,3,4641,卖盘
1017,10:56:27,15.47,-0.01,3,4641,卖盘
1018,10:56:18,15.48,--,1,1548,卖盘
1019,10:56:15,15.48,--,10,15480,买盘
1020,10:56:00,15.48,0.01,50,77400,买盘
1021,10:55:30,15.47,0.01,17,26299,买盘
1022,10:55:18,15.46,-0.01,1,1546,卖盘
1023,10:54:54,15.47,0.01,34,52598,买盘
1024,10:54:39,15.46,-0.01,16,24736,卖盘
1025,10:54:18,15.47,0.02,7,10829,中性盘
1026,10:53:54,15.45,--,1,1545,卖盘
1027,10:53:39,15.45,-0.05,585,903825,卖盘
1028,10:53:36,15.5,--,20,31000,买盘
1029,10:53:27,15.5,0.01,1,1550,买盘
1030,10:53:12,15.49,-0.01,1,1549,卖盘
1031,10:52:51,15.5,--,5,7750,买盘
1032,10:52:33,15.5,0.01,20,31000,买盘
1033,10:52:21,15.49,--,9,13941,中性盘
1034,10:51:57,15.49,0.01,25,38725,买盘
1035,10:51:36,15.48,-0.01,1,1548,卖盘
1036,10:51:09,15.49,0.01,2,3098,买盘
1037,10:51:06,15.48,--,6,9288,卖盘
1038,10:50:57,15.48,--,5,7740,卖盘
1039,10:50:33,15.48,--,17,26316,买盘
1040,10:50:21,15.48,--,4,6192,卖盘
1041,10:49:57,15.48,-0.01,3,4644,卖盘
1042,10:49:54,15.49,0.01,3,4647,买盘
1043,10:49:51,15.48,-0.01,10,15480,卖盘
1044,10:49:48,15.49,--,20,30980,买盘
1045,10:49:21,15.49,--,3,4647,买盘
1046,10:49:12,15.49,0.01,2,3098,买盘
1047,10:48:57,15.48,--,24,37152,买盘
1048,10:48:45,15.48,0.01,16,24768,买盘
1049,10:47:57,15.47,--,1,1547,卖盘
1050,10:47:48,15.47,-0.01,1,1547,卖盘
1051,10:47:42,15.48,0.01,2,3096,买盘
1052,10:47:09,15.47,0.02,3,4641,买盘
1053,10:47:06,15.45,--,38,58710,卖盘
1054,10:46:27,15.45,--,6,9270,卖盘
1055,10:46:15,15.45,--,1,1545,卖盘
1056,10:46:12,15.45,0.01,20,30900,卖盘
1057,10:46:03,15.44,--,43,66392,卖盘
1058,10:45:48,15.44,--,5,7720,卖盘
1059,10:45:36,15.44,--,1,1544,卖盘
1060,10:45:33,15.44,--,1,1544,卖盘
1061,10:45:00,15.44,-0.03,43,66392,卖盘
1062,10:44:57,15.47,--,0,1237,卖盘
1063,10:44:51,15.47,--,5,7735,卖盘
1064,10:44:48,15.47,--,5,7735,卖盘
1065,10:44:45,15.47,--,4,6188,卖盘
1066,10:44:27,15.47,--,12,18564,买盘
1067,10:44:21,15.47,0.03,8,12376,卖盘
1068,10:44:06,15.44,-0.03,300,463200,卖盘
1069,10:44:00,15.47,--,43,66521,卖盘
1070,10:43:54,15.47,--,3,4641,卖盘
1071,10:43:30,15.47,--,17,26299,卖盘
1072,10:43:27,15.47,-0.01,2,3094,卖盘
1073,10:43:15,15.48,0.01,2,3096,买盘
1074,10:42:57,15.47,-0.01,43,66521,卖盘
1075,10:42:48,15.48,--,3,4644,买盘
1076,10:42:39,15.48,0.01,20,30960,买盘
1077,10:42:36,15.47,-0.01,24,37128,卖盘
1078,10:42:30,15.48,0.01,1,1548,买盘
1079,10:42:18,15.47,--,40,61880,卖盘
1080,10:42:15,15.47,-0.01,60,92820,卖盘
1081,10:42:00,15.48,--,1,1548,买盘
1082,10:41:57,15.48,0.01,52,80496,买盘
1083,10:41:54,15.47,-0.01,1,1547,卖盘
1084,10:41:36,15.48,--,2,3096,买盘
1085,10:41:33,15.48,--,1,1548,买盘
1086,10:41:27,15.48,0.01,14,21672,卖盘
1087,10:40:54,15.47,-0.01,43,66521,卖盘
1088,10:40:51,15.48,--,6,9288,买盘
1089,10:40:42,15.48,--,3,4644,卖盘
1090,10:40:39,15.48,-0.01,28,43344,卖盘
1091,10:40:24,15.49,--,1,1549,买盘
1092,10:40:15,15.49,0.01,39,60411,买盘
1093,10:40:03,15.48,--,10,15480,卖盘
1094,10:39:57,15.48,--,6,9288,卖盘
1095,10:39:51,15.48,--,43,66564,卖盘
1096,10:39:36,15.48,-0.01,18,27864,卖盘
1097,10:39:27,15.49,--,9,13941,买盘
1098,10:39:18,15.49,--,13,20137,买盘
1099,10:39:09,15.49,--,4,6196,买盘
1100,10:39:03,15.49,--,3,4647,买盘
1101,10:39:00,15.49,-0.01,5,7745,卖盘
1102,10:38:57,15.5,0.01,2,3100,中性盘
1103,10:38:51,15.49,-0.01,43,66607,卖盘
1104,10:38:33,15.5,0.01,20,31000,买盘
1105,10:38:27,15.49,-0.03,6,9294,卖盘
1106,10:38:06,15.52,0.03,20,31040,买盘
1107,10:38:03,15.49,--,13,20137,卖盘
1108,10:37:48,15.49,-0.01,44,68156,卖盘
1109,10:37:42,15.5,--,1,1550,卖盘
1110,10:37:27,15.5,-0.01,50,77500,卖盘
1111,10:37:24,15.51,--,21,32571,买盘
1112,10:37:12,15.51,0.01,9,13959,买盘
1113,10:36:18,15.5,--,17,26350,买盘
1114,10:36:12,15.5,0.02,5,7750,买盘
1115,10:35:48,15.48,--,4,6192,卖盘
1116,10:35:45,15.48,--,14,21672,卖盘
1117,10:35:33,15.48,-0.02,12,18576,卖盘
1118,10:35:24,15.5,0.02,10,15500,买盘
1119,10:35:15,15.48,0.01,10,15480,中性盘
1120,10:34:48,15.47,-0.01,1,1547,卖盘
1121,10:34:42,15.48,-0.01,105,162540,卖盘
1122,10:34:12,15.49,--,1,1549,卖盘
1123,10:34:06,15.49,--,70,108430,卖盘
1124,10:33:54,15.49,-0.02,1,1549,卖盘
1125,10:33:48,15.51,--,2,3102,买盘
1126,10:33:33,15.51,--,29,44979,卖盘
1127,10:33:30,15.51,--,15,23265,卖盘
1128,10:33:03,15.51,-0.01,26,40326,卖盘
1129,10:33:00,15.52,0.01,1,1552,买盘
1130,10:32:57,15.51,--,2,3102,卖盘
1131,10:32:48,15.51,0.02,8,12408,买盘
1132,10:32:21,15.49,--,6,9294,卖盘
1133,10:32:18,15.49,--,13,20137,卖盘
1134,10:32:15,15.49,--,6,9294,卖盘
1135,10:32:12,15.49,--,14,21686,卖盘
1136,10:31:57,15.49,--,1,1549,卖盘
1137,10:31:48,15.49,-0.03,51,78999,卖盘
1138,10:31:45,15.52,0.03,24,37248,买盘
1139,10:31:39,15.49,-0.01,64,99136,卖盘
1140,10:31:30,15.5,--,1,1550,卖盘
1141,10:31:24,15.5,0.01,1,1550,中性盘
1142,10:31:15,15.49,-0.03,1,1549,卖盘
1143,10:31:09,15.52,0.02,70,108640,买盘
1144,10:31:03,15.5,-0.02,7,10850,卖盘
1145,10:30:42,15.52,--,9,13968,买盘
1146,10:30:12,15.52,-0.01,5,7760,卖盘
1147,10:30:03,15.53,0.01,2,3106,买盘
1148,10:29:54,15.52,-0.01,2,3104,卖盘
1149,10:29:39,15.53,0.01,2,3106,买盘
1150,10:29:18,15.52,0.02,3,4656,买盘
1151,10:28:54,15.5,-0.02,1,1550,卖盘
1152,10:28:42,15.52,--,50,77600,买盘
1153,10:28:33,15.52,--,3,4656,买盘
1154,10:28:24,15.52,0.02,7,10864,买盘
1155,10:28:18,15.5,--,8,12400,卖盘
1156,10:28:03,15.5,--,1,1550,卖盘
1157,10:28:00,15.5,0.01,19,29450,买盘
1158,10:27:54,15.49,--,1,1549,卖盘
1159,10:27:51,15.49,-0.01,5,7745,卖盘
1160,10:27:48,15.5,--,20,31000,买盘
1161,10:27:42,15.5,--,7,10850,买盘
1162,10:27:39,15.5,--,20,31000,卖盘
1163,10:27:06,15.5,--,2,3100,买盘
1164,10:26:51,15.5,--,6,9300,买盘
1165,10:26:42,15.5,--,6,9300,买盘
1166,10:26:39,15.5,--,20,31000,买盘
1167,10:26:21,15.5,--,8,12400,卖盘
1168,10:26:15,15.5,--,10,15500,卖盘
1169,10:26:00,15.5,--,34,52700,卖盘
1170,10:25:42,15.5,--,26,40300,卖盘
1171,10:25:39,15.5,--,22,34100,卖盘
1172,10:25:33,15.5,-0.01,2,3100,卖盘
1173,10:25:15,15.51,--,8,12408,卖盘
1174,10:25:12,15.51,--,10,15510,卖盘
1175,10:25:06,15.51,0.01,1,1551,中性盘
1176,10:24:57,15.5,-0.02,12,18600,卖盘
1177,10:24:54,15.52,0.02,10,15520,买盘
1178,10:24:51,15.5,-0.01,149,230950,卖盘
1179,10:24:48,15.51,--,57,88407,卖盘
1180,10:24:33,15.51,-0.01,1,1551,卖盘
1181,10:24:18,15.52,--,8,12416,买盘
1182,10:24:15,15.52,-0.01,47,72944,卖盘
1183,10:23:54,15.53,--,2,3106,买盘
1184,10:23:42,15.53,0.01,5,7765,买盘
1185,10:23:33,15.52,-0.01,1,1552,卖盘
1186,10:23:15,15.53,--,7,10871,买盘
1187,10:23:06,15.53,--,5,7765,买盘
1188,10:23:03,15.53,--,13,20189,买盘
1189,10:22:45,15.53,-0.01,6,9318,卖盘
1190,10:22:39,15.54,--,7,10878,卖盘
1191,10:22:33,15.54,--,1,1554,卖盘
1192,10:22:27,15.54,-0.01,10,15540,卖盘
1193,10:22:18,15.55,0.01,3,4665,买盘
1194,10:22:15,15.54,-0.01,1,1554,中性盘
1195,10:21:45,15.55,0.03,6,9330,中性盘
1196,10:21:39,15.52,-0.04,50,77600,卖盘
1197,10:21:00,15.56,--,17,26452,买盘
1198,10:20:45,15.56,0.01,24,37344,买盘
1199,10:20:33,15.55,-0.01,11,17105,卖盘
1200,10:20:18,15.56,--,1,1556,买盘
1201,10:20:15,15.56,--,3,4668,买盘
1202,10:20:09,15.56,0.01,39,60684,买盘
1203,10:20:06,15.55,-0.01,43,66865,卖盘
1204,10:20:03,15.56,--,89,138484,买盘
1205,10:19:48,15.56,--,10,15560,买盘
1206,10:19:42,15.56,--,10,15560,买盘
1207,10:19:36,15.56,--,49,76244,卖盘
1208,10:19:27,15.56,--,10,15560,买盘
1209,10:19:24,15.56,0.01,30,46680,买盘
1210,10:19:21,15.55,--,7,10885,卖盘
1211,10:19:18,15.55,-0.01,12,18660,卖盘
1212,10:19:06,15.56,--,15,23340,买盘
1213,10:18:57,15.56,--,28,43568,买盘
1214,10:18:45,15.56,--,20,31120,买盘
1215,10:18:42,15.56,0.01,1,1556,买盘
1216,10:18:39,15.55,--,15,23325,卖盘
1217,10:18:21,15.55,-0.01,3,4665,卖盘
1218,10:18:18,15.56,0.01,19,29564,买盘
1219,10:17:54,15.55,--,4,6220,买盘
1220,10:17:48,15.55,0.01,30,46650,买盘
1221,10:17:45,15.54,--,1,1554,卖盘
1222,10:17:42,15.54,--,3,4662,买盘
1223,10:17:27,15.54,--,10,15540,买盘
1224,10:17:18,15.54,0.02,6,9324,买盘
1225,10:17:06,15.52,--,3,4656,卖盘
1226,10:16:57,15.52,-0.02,2,3104,卖盘
1227,10:16:54,15.54,0.02,208,323232,买盘
1228,10:16:48,15.52,-0.01,1,1552,卖盘
1229,10:16:39,15.53,0.02,50,77650,买盘
1230,10:16:09,15.51,-0.01,20,31020,卖盘
1231,10:16:03,15.52,0.02,1,1552,中性盘
1232,10:15:57,15.5,-0.03,2,3100,卖盘
1233,10:15:45,15.53,--,5,7765,买盘
1234,10:15:33,15.53,--,10,15530,买盘
1235,10:15:30,15.53,--,1,1553,买盘
1236,10:15:12,15.53,0.03,2,3106,买盘
1237,10:15:09,15.5,-0.03,9,13950,卖盘
1238,10:15:03,15.53,--,3,4659,买盘
1239,10:14:54,15.53,0.03,6,9318,买盘
1240,10:14:45,15.5,--,50,77500,卖盘
1241,10:14:30,15.5,--,4,6200,卖盘
1242,10:13:57,15.5,--,18,27900,买盘
1243,10:13:51,15.5,--,21,32550,买盘
1244,10:13:48,15.5,--,19,29450,卖盘
1245,10:13:45,15.5,--,1,1550,卖盘
1246,10:13:42,15.5,--,83,128650,买盘
1247,10:13:39,15.5,--,3,4650,买盘
1248,10:13:36,15.5,--,22,34100,买盘
1249,10:13:30,15.5,--,26,40300,买盘
1250,10:13:24,15.5,--,8,12400,买盘
1251,10:13:03,15.5,--,10,15500,买盘
1252,10:13:00,15.5,--,8,12400,买盘
1253,10:12:57,15.5,--,1,1550,买盘
1254,10:12:54,15.5,--,5,7750,买盘
1255,10:12:51,15.5,-0.01,8,12400,买盘
1256,10:12:48,15.51,-0.02,2,3102,卖盘
1257,10:12:45,15.53,0.03,3,4659,买盘
1258,10:12:42,15.5,-0.01,98,151900,卖盘
1259,10:12:39,15.51,--,9,13959,买盘
1260,10:12:30,15.51,0.01,2,3102,买盘
1261,10:12:24,15.5,-0.01,1,1550,卖盘
1262,10:12:18,15.51,0.01,10,15510,买盘
1263,10:11:57,15.5,--,1,1550,卖盘
1264,10:11:48,15.5,-0.01,18,27900,卖盘
1265,10:11:33,15.51,--,6,9306,买盘
1266,10:11:18,15.51,0.01,14,21714,买盘
1267,10:11:12,15.5,--,2,3100,卖盘
1268,10:11:06,15.5,--,14,21700,卖盘
1269,10:10:54,15.5,-0.01,11,17050,卖盘
1270,10:10:48,15.51,--,64,99264,卖盘
1271,10:10:45,15.51,--,6,9306,卖盘
1272,10:10:30,15.51,-0.01,40,62040,卖盘
1273,10:10:27,15.52,--,5,7760,买盘
1274,10:10:21,15.52,--,5,7760,买盘
1275,10:10:18,15.52,-0.01,14,21728,中性盘
1276,10:09:54,15.53,--,2,3106,中性盘
1277,10:09:45,15.53,--,2,3106,卖盘
1278,10:09:03,15.53,--,9,13977,买盘
1279,10:09:00,15.53,0.02,1,1553,买盘
1280,10:08:48,15.51,--,3,4653,卖盘
1281,10:08:45,15.51,0.01,1,1551,买盘
1282,10:08:42,15.5,-0.01,8,12400,卖盘
1283,10:08:09,15.51,--,2,3102,卖盘
1284,10:08:06,15.51,-0.01,23,35673,卖盘
1285,10:07:54,15.52,--,6,9312,卖盘
1286,10:07:42,15.52,-0.01,10,15520,卖盘
1287,10:07:33,15.53,--,1,1553,买盘
1288,10:07:21,15.53,--,26,40378,卖盘
1289,10:07:18,15.53,--,4,6212,买盘
1290,10:07:15,15.53,--,21,32613,卖盘
1291,10:07:06,15.53,-0.01,1,1553,卖盘
1292,10:07:03,15.54,0.01,1,1554,买盘
1293,10:07:00,15.53,-0.01,16,24848,卖盘
1294,10:06:42,15.54,--,1,1554,买盘
1295,10:06:33,15.54,--,4,6216,买盘
1296,10:06:12,15.54,--,1,1554,买盘
1297,10:05:57,15.54,-0.01,5,7770,卖盘
1298,10:05:51,15.55,0.01,44,68420,买盘
1299,10:05:39,15.54,-0.01,5,7770,卖盘
1300,10:05:21,15.55,--,1,1555,买盘
1301,10:05:00,15.55,--,1,1555,买盘
1302,10:04:57,15.55,--,5,7775,买盘
1303,10:04:54,15.55,--,6,9330,买盘
1304,10:04:48,15.55,--,6,9330,买盘
1305,10:04:42,15.55,0.01,19,29545,买盘
1306,10:04:39,15.54,-0.02,17,26418,卖盘
1307,10:04:21,15.56,0.02,57,88692,买盘
1308,10:04:12,15.54,-0.01,1,1554,中性盘
1309,10:04:03,15.55,--,10,15550,买盘
1310,10:03:57,15.55,--,3,4665,买盘
1311,10:03:54,15.55,--,13,20215,买盘
1312,10:03:51,15.55,--,4,6220,买盘
1313,10:03:42,15.55,--,1,1555,买盘
1314,10:03:36,15.55,0.01,24,37320,买盘
1315,10:03:33,15.54,--,1,1554,中性盘
1316,10:03:21,15.54,0.01,6,9324,买盘
1317,10:03:12,15.53,--,1,1553,卖盘
1318,10:02:51,15.53,0.01,31,48143,买盘
1319,10:02:39,15.52,--,6,9312,买盘
1320,10:02:30,15.52,0.01,1,1552,买盘
1321,10:02:24,15.51,-0.01,2,3102,卖盘
1322,10:02:21,15.52,0.01,5,7760,买盘
1323,10:02:06,15.51,--,1,1551,买盘
1324,10:02:03,15.51,--,70,108570,买盘
1325,10:02:00,15.51,--,1,1551,买盘
1326,10:01:51,15.51,0.01,10,15510,买盘
1327,10:01:42,15.5,-0.01,11,17050,卖盘
1328,10:01:36,15.51,0.01,7,10857,买盘
1329,10:01:33,15.5,0.01,121,187550,买盘
1330,10:01:30,15.49,--,3,4647,卖盘
1331,10:01:12,15.49,--,4,6196,卖盘
1332,10:01:09,15.49,0.01,6,9294,买盘
1333,10:01:06,15.48,-0.01,1,1548,卖盘
1334,10:01:03,15.49,0.01,10,15490,中性盘
1335,10:01:00,15.48,--,8,12384,卖盘
1336,10:00:33,15.48,--,381,589788,买盘
1337,10:00:21,15.48,0.01,1,1548,买盘
1338,10:00:12,15.47,--,1,1547,卖盘
1339,10:00:09,15.47,-0.01,7,10829,卖盘
1340,10:00:03,15.48,--,1,1548,买盘
1341,09:59:54,15.48,-0.02,98,151704,卖盘
1342,09:59:39,15.5,--,4,6200,买盘
1343,09:59:36,15.5,--,1,1550,买盘
1344,09:59:33,15.5,--,1,1550,买盘
1345,09:59:09,15.5,--,1,1550,买盘
1346,09:58:54,15.5,--,5,7750,买盘
1347,09:58:42,15.5,--,1,1550,中性盘
1348,09:58:39,15.5,--,11,17050,卖盘
1349,09:58:27,15.5,0.02,7,10850,买盘
1350,09:58:18,15.48,-0.01,8,12384,卖盘
1351,09:58:00,15.49,-0.01,1,1549,卖盘
1352,09:57:51,15.5,0.03,1,1550,买盘
1353,09:57:36,15.47,--,50,77350,卖盘
1354,09:57:21,15.47,--,58,89726,买盘
1355,09:57:09,15.47,0.01,61,94367,中性盘
1356,09:57:06,15.46,--,10,15460,卖盘
1357,09:56:57,15.46,--,14,21644,卖盘
1358,09:56:54,15.46,--,5,7730,中性盘
1359,09:56:39,15.46,--,4,6184,买盘
1360,09:56:33,15.46,0.01,2,3092,买盘
1361,09:56:27,15.45,-0.01,3,4635,卖盘
1362,09:56:24,15.46,0.01,3,4638,买盘
1363,09:56:18,15.45,--,11,16995,买盘
1364,09:56:15,15.45,--,30,46350,买盘
1365,09:56:12,15.45,--,60,92700,买盘
1366,09:56:09,15.45,0.01,7,10815,买盘
1367,09:55:57,15.44,-0.01,1,1544,卖盘
1368,09:55:51,15.45,--,21,32445,买盘
1369,09:55:48,15.45,--,3,4635,买盘
1370,09:55:45,15.45,--,3,4635,买盘
1371,09:55:27,15.45,-0.01,1,1545,卖盘
1372,09:55:21,15.46,0.01,1,1546,买盘
1373,09:55:18,15.45,--,17,26265,卖盘
1374,09:55:15,15.45,--,4,6180,卖盘
1375,09:55:06,15.45,-0.01,4,6180,卖盘
1376,09:55:03,15.46,0.02,15,23190,买盘
1377,09:55:00,15.44,-0.02,5,7720,卖盘
1378,09:54:51,15.46,0.02,14,21644,买盘
1379,09:54:33,15.44,--,2,3088,卖盘
1380,09:54:30,15.44,0.01,11,17308,买盘
1381,09:54:24,15.43,-0.01,3,4629,卖盘
1382,09:54:21,15.44,0.01,12,18528,买盘
1383,09:54:15,15.43,-0.01,13,20059,卖盘
1384,09:54:12,15.44,0.01,3,4632,买盘
1385,09:54:09,15.43,--,7,10801,卖盘
1386,09:54:03,15.43,--,20,30860,卖盘
1387,09:53:57,15.43,--,23,35489,卖盘
1388,09:53:54,15.43,0.01,14,21602,买盘
1389,09:53:51,15.42,-0.01,12,18504,卖盘
1390,09:53:48,15.43,--,10,15430,买盘
1391,09:53:42,15.43,-0.01,5,7715,中性盘
1392,09:53:36,15.44,--,10,15440,买盘
1393,09:53:33,15.44,--,9,13896,买盘
1394,09:53:30,15.44,0.01,322,497168,买盘
1395,09:53:27,15.43,-0.01,1,1543,卖盘
1396,09:53:24,15.44,0.01,10,15440,买盘
1397,09:53:21,15.43,--,49,75607,卖盘
1398,09:53:12,15.43,--,24,37032,卖盘
1399,09:53:09,15.43,--,53,81779,卖盘
1400,09:53:03,15.43,-0.01,50,77150,卖盘
1401,09:52:57,15.44,-0.02,247,381368,卖盘
1402,09:52:51,15.46,--,1,1546,买盘
1403,09:52:48,15.46,-0.01,122,188612,卖盘
1404,09:52:45,15.47,-0.01,2,3094,卖盘
1405,09:52:42,15.48,--,4,6192,买盘
1406,09:52:30,15.48,--,95,147060,卖盘
1407,09:52:27,15.48,--,35,54180,卖盘
1408,09:52:21,15.48,-0.01,3,4644,卖盘
1409,09:52:18,15.49,0.01,1,1549,中性盘
1410,09:52:15,15.48,-0.01,78,120744,卖盘
1411,09:52:09,15.49,-0.01,4,6196,卖盘
1412,09:52:00,15.5,0.01,1,1550,买盘
1413,09:51:54,15.49,-0.01,10,15490,卖盘
1414,09:51:51,15.5,0.01,1,1550,买盘
1415,09:51:39,15.49,-0.01,3,4647,卖盘
1416,09:51:33,15.5,--,2,3100,买盘
1417,09:51:27,15.5,0.01,30,46500,买盘
1418,09:51:24,15.49,-0.01,3,4647,卖盘
1419,09:51:18,15.5,--,35,54250,卖盘
1420,09:51:15,15.5,--,80,124000,卖盘
1421,09:51:12,15.5,-0.01,9,13950,卖盘
1422,09:51:09,15.51,0.01,6,9306,买盘
1423,09:51:06,15.5,--,75,116250,卖盘
1424,09:50:54,15.5,--,105,162750,买盘
1425,09:50:36,15.5,--,20,31000,买盘
1426,09:50:33,15.5,--,20,31000,买盘
1427,09:50:30,15.5,0.02,5,7750,买盘
1428,09:50:27,15.48,-0.03,20,30960,卖盘
1429,09:50:21,15.51,0.01,13,20163,买盘
1430,09:50:15,15.5,--,3,4650,卖盘
1431,09:50:12,15.5,-0.01,200,310000,卖盘
1432,09:50:06,15.51,-0.01,130,201630,卖盘
1433,09:50:03,15.52,--,9,13968,买盘
1434,09:50:00,15.52,--,1,1552,买盘
1435,09:49:57,15.52,--,200,310400,买盘
1436,09:49:54,15.52,--,34,52768,买盘
1437,09:49:51,15.52,--,5,7760,买盘
1438,09:49:42,15.52,--,86,133472,卖盘
1439,09:49:33,15.52,--,2,3104,买盘
1440,09:49:30,15.52,0.01,1,1552,买盘
1441,09:49:27,15.51,0.01,30,46530,中性盘
1442,09:49:15,15.5,--,50,77500,卖盘
1443,09:49:09,15.5,0.01,39,60450,买盘
1444,09:49:06,15.49,--,24,37176,买盘
1445,09:49:00,15.49,--,31,48019,买盘
1446,09:48:57,15.49,0.02,30,46470,买盘
1447,09:48:54,15.47,-0.02,85,131495,卖盘
1448,09:48:45,15.49,0.02,3,4647,买盘
1449,09:48:36,15.47,--,1,1547,卖盘
1450,09:48:33,15.47,--,5,7735,卖盘
1451,09:48:30,15.47,0.01,3,4641,卖盘
1452,09:48:21,15.46,-0.01,20,30920,卖盘
1453,09:48:15,15.47,--,10,15470,买盘
1454,09:48:12,15.47,0.02,1,1547,买盘
1455,09:48:09,15.45,-0.02,7,10815,卖盘
1456,09:48:03,15.47,0.02,50,77350,买盘
1457,09:48:00,15.45,-0.01,10,15450,卖盘
1458,09:47:57,15.46,-0.01,55,85030,卖盘
1459,09:47:54,15.47,-0.01,32,49504,卖盘
1460,09:47:51,15.48,--,2,3096,卖盘
1461,09:47:45,15.48,0.01,4,6192,中性盘
1462,09:47:42,15.47,-0.01,10,15470,卖盘
1463,09:47:39,15.48,--,11,17028,买盘
1464,09:47:36,15.48,--,4,6192,卖盘
1465,09:47:33,15.48,-0.01,12,18576,卖盘
1466,09:47:30,15.49,--,1,1549,买盘
1467,09:47:27,15.49,--,48,74352,买盘
1468,09:47:18,15.49,--,31,48019,卖盘
1469,09:47:06,15.49,-0.01,116,179684,卖盘
1470,09:47:03,15.5,-0.02,3,4650,卖盘
1471,09:46:48,15.52,--,1,1552,卖盘
1472,09:46:45,15.52,-0.01,6,9312,卖盘
1473,09:46:42,15.53,-0.02,20,31060,卖盘
1474,09:46:30,15.55,--,3,4665,卖盘
1475,09:46:18,15.55,-0.01,40,62200,卖盘
1476,09:46:09,15.56,--,8,12448,卖盘
1477,09:46:06,15.56,--,20,31120,卖盘
1478,09:46:00,15.56,--,59,91804,卖盘
1479,09:45:51,15.56,-0.01,97,150932,卖盘
1480,09:45:42,15.57,--,10,15570,买盘
1481,09:45:39,15.57,-0.01,45,70065,卖盘
1482,09:45:36,15.58,--,9,14022,买盘
1483,09:45:21,15.58,--,3,4674,买盘
1484,09:45:15,15.58,0.01,13,20254,中性盘
1485,09:45:12,15.57,-0.01,36,56052,卖盘
1486,09:45:03,15.58,--,1,1558,买盘
1487,09:45:00,15.58,--,63,98154,卖盘
1488,09:44:57,15.58,--,9,14022,卖盘
1489,09:44:54,15.58,-0.01,10,15580,卖盘
1490,09:44:42,15.59,--,10,15590,买盘
1491,09:44:39,15.59,--,19,29621,卖盘
1492,09:44:33,15.59,-0.01,10,15590,卖盘
1493,09:44:30,15.6,0.01,1,1560,买盘
1494,09:44:18,15.59,--,4,6236,买盘
1495,09:44:12,15.59,--,3,4677,买盘
1496,09:44:09,15.59,-0.01,66,102894,卖盘
1497,09:44:06,15.6,0.01,50,78000,买盘
1498,09:44:03,15.59,-0.01,6,9354,卖盘
1499,09:44:00,15.6,--,6,9360,买盘
1500,09:43:51,15.6,--,14,21840,买盘
1501,09:43:48,15.6,--,15,23400,买盘
1502,09:43:45,15.6,--,1,1560,买盘
1503,09:43:42,15.6,0.01,20,31200,买盘
1504,09:43:39,15.59,--,3,4677,卖盘
1505,09:43:33,15.59,0.01,9,14031,买盘
1506,09:43:27,15.58,--,15,23370,卖盘
1507,09:43:24,15.58,--,11,17138,买盘
1508,09:43:21,15.58,--,24,37392,买盘
1509,09:43:15,15.58,0.01,32,49856,中性盘
1510,09:43:12,15.57,-0.01,100,155700,卖盘
1511,09:43:03,15.58,--,5,7790,买盘
1512,09:42:57,15.58,-0.03,10,15580,卖盘
1513,09:42:54,15.61,0.03,12,18732,买盘
1514,09:42:51,15.58,--,21,32718,买盘
1515,09:42:48,15.58,--,93,144894,卖盘
1516,09:42:36,15.58,--,19,29602,买盘
1517,09:42:30,15.58,--,17,26486,买盘
1518,09:42:27,15.58,-0.02,78,121524,卖盘
1519,09:42:24,15.6,-0.01,4,6240,中性盘
1520,09:42:15,15.61,0.01,43,67123,买盘
1521,09:42:12,15.6,-0.01,17,26520,卖盘
1522,09:42:09,15.61,--,14,21854,买盘
1523,09:42:00,15.61,0.04,1,1561,买盘
1524,09:41:57,15.57,-0.04,25,38925,卖盘
1525,09:41:54,15.61,0.01,4,6244,买盘
1526,09:41:48,15.6,0.03,12,18720,买盘
1527,09:41:36,15.57,--,11,17127,卖盘
1528,09:41:18,15.57,--,106,165042,卖盘
1529,09:41:12,15.57,--,2,3114,买盘
1530,09:41:09,15.57,--,1,1557,中性盘
1531,09:41:00,15.57,0.01,5,7785,买盘
1532,09:40:54,15.56,-0.01,4,6224,卖盘
1533,09:40:51,15.57,--,6,9342,买盘
1534,09:40:48,15.57,--,19,29583,买盘
1535,09:40:39,15.57,--,5,7785,买盘
1536,09:40:33,15.57,--,7,10899,买盘
1537,09:40:30,15.57,--,8,12456,买盘
1538,09:40:27,15.57,--,15,23355,买盘
1539,09:40:24,15.57,--,30,46710,卖盘
1540,09:40:18,15.57,--,17,26469,买盘
1541,09:40:03,15.57,--,7,10899,买盘
1542,09:40:00,15.57,--,1,1557,买盘
1543,09:39:57,15.57,0.01,8,12456,买盘
1544,09:39:54,15.56,--,3,4668,卖盘
1545,09:39:51,15.56,-0.01,74,115144,卖盘
1546,09:39:48,15.57,--,21,32697,买盘
1547,09:39:39,15.57,--,19,29583,买盘
1548,09:39:33,15.57,--,1,1557,买盘
1549,09:39:30,15.57,--,1,1557,买盘
1550,09:39:27,15.57,--,12,18684,买盘
1551,09:39:24,15.57,--,32,49824,买盘
1552,09:39:21,15.57,--,20,31140,买盘
1553,09:39:18,15.57,--,6,9342,买盘
1554,09:39:09,15.57,0.01,1,1557,买盘
1555,09:38:57,15.56,--,2,3112,卖盘
1556,09:38:51,15.56,-0.01,33,51348,卖盘
1557,09:38:48,15.57,--,9,14013,买盘
1558,09:38:45,15.57,--,1,1557,买盘
1559,09:38:42,15.57,--,1,1557,买盘
1560,09:38:39,15.57,0.01,31,48267,买盘
1561,09:38:30,15.56,--,43,66908,卖盘
1562,09:38:27,15.56,0.01,34,52904,买盘
1563,09:38:24,15.55,-0.01,26,40430,卖盘
1564,09:38:18,15.56,0.01,5,7780,买盘
1565,09:38:12,15.55,-0.01,22,34210,卖盘
1566,09:38:03,15.56,--,7,10892,买盘
1567,09:38:00,15.56,--,4,6224,卖盘
1568,09:37:54,15.56,-0.01,5,7780,卖盘
1569,09:37:48,15.57,0.01,4,6228,买盘
1570,09:37:45,15.56,--,10,15560,卖盘
1571,09:37:42,15.56,--,2,3112,卖盘
1572,09:37:39,15.56,-0.01,10,15560,卖盘
1573,09:37:36,15.57,--,2,3114,买盘
1574,09:37:33,15.57,-0.01,32,49824,中性盘
1575,09:37:24,15.58,--,7,10906,买盘
1576,09:37:18,15.58,0.02,44,68552,买盘
1577,09:37:12,15.56,-0.02,20,31120,卖盘
1578,09:37:09,15.58,0.01,40,62320,买盘
1579,09:37:03,15.57,--,7,10899,买盘
1580,09:37:00,15.57,--,5,7785,买盘
1581,09:36:57,15.57,0.01,30,46710,买盘
1582,09:36:54,15.56,--,3,4668,卖盘
1583,09:36:51,15.56,--,1,1556,卖盘
1584,09:36:48,15.56,--,3,4668,卖盘
1585,09:36:45,15.56,--,12,18672,卖盘
1586,09:36:42,15.56,-0.01,35,54460,卖盘
1587,09:36:39,15.57,--,128,199296,卖盘
1588,09:36:36,15.57,-0.01,28,43596,卖盘
1589,09:36:30,15.58,--,10,15580,买盘
1590,09:36:27,15.58,0.01,10,15580,买盘
1591,09:36:18,15.57,-0.01,9,14013,卖盘
1592,09:36:12,15.58,0.01,8,12464,买盘
1593,09:36:09,15.57,--,8,12456,买盘
1594,09:36:06,15.57,--,8,12456,买盘
1595,09:36:03,15.57,--,9,14013,买盘
1596,09:35:57,15.57,--,18,28026,买盘
1597,09:35:54,15.57,0.01,20,31140,买盘
1598,09:35:51,15.56,-0.01,5,7780,卖盘
1599,09:35:48,15.57,0.01,22,34254,买盘
1600,09:35:39,15.56,0.02,1,1556,中性盘
1601,09:35:33,15.54,-0.01,5,7770,卖盘
1602,09:35:30,15.55,0.01,5,7775,买盘
1603,09:35:18,15.54,--,10,15540,买盘
1604,09:35:15,15.54,--,41,63714,买盘
1605,09:35:12,15.54,0.01,5,7770,买盘
1606,09:35:06,15.53,0.01,6,9318,买盘
1607,09:34:51,15.52,0.01,4,6208,买盘
1608,09:34:48,15.51,0.01,5,7755,买盘
1609,09:34:27,15.5,0.01,5,7750,买盘
1610,09:34:21,15.49,-0.01,3,4647,卖盘
1611,09:34:15,15.5,0.04,10,15500,买盘
1612,09:34:06,15.46,-0.03,68,105128,卖盘
1613,09:34:03,15.49,--,2,3098,卖盘
1614,09:33:57,15.49,--,18,27882,卖盘
1615,09:33:54,15.49,--,6,9294,卖盘
1616,09:33:51,15.49,--,15,23235,买盘
1617,09:33:48,15.49,--,12,18588,买盘
1618,09:33:42,15.49,0.01,4,6196,买盘
1619,09:33:39,15.48,-0.01,2,3096,卖盘
1620,09:33:36,15.49,-0.01,23,35627,卖盘
1621,09:33:33,15.5,0.01,8,12400,买盘
1622,09:33:27,15.49,--,46,71254,买盘
1623,09:33:24,15.49,-0.01,4,6196,中性盘
1624,09:33:21,15.5,0.01,28,43400,买盘
1625,09:33:15,15.49,--,1,1549,买盘
1626,09:33:12,15.49,0.04,3,4647,买盘
1627,09:33:09,15.45,-0.04,49,75705,卖盘
1628,09:33:03,15.49,-0.01,8,12392,中性盘
1629,09:32:51,15.5,--,6,9300,买盘
1630,09:32:48,15.5,0.05,3,4650,买盘
1631,09:32:39,15.45,--,8,12360,卖盘
1632,09:32:15,15.45,-0.05,9,13905,卖盘
1633,09:32:12,15.5,0.05,6,9300,买盘
1634,09:32:09,15.45,--,6,9270,买盘
1635,09:32:06,15.45,--,39,60255,卖盘
1636,09:32:03,15.45,-0.01,44,67980,卖盘
1637,09:32:00,15.46,-0.02,8,12368,中性盘
1638,09:31:57,15.48,--,10,15480,买盘
1639,09:31:51,15.48,--,7,10836,买盘
1640,09:31:48,15.48,0.04,5,7740,买盘
1641,09:31:45,15.44,0.01,13,20072,中性盘
1642,09:31:33,15.43,--,15,23145,卖盘
1643,09:31:30,15.43,-0.05,1,1543,卖盘
1644,09:31:27,15.48,0.06,10,15480,买盘
1645,09:31:12,15.42,-0.01,46,70932,卖盘
1646,09:31:09,15.43,--,3,4629,买盘
1647,09:31:06,15.43,0.02,5,7715,买盘
1648,09:30:57,15.41,-0.01,50,77050,卖盘
1649,09:30:54,15.42,-0.01,10,15420,卖盘
1650,09:30:51,15.43,0.01,7,10801,买盘
1651,09:30:48,15.42,--,20,30840,买盘
1652,09:30:45,15.42,-0.01,25,38550,卖盘
1653,09:30:42,15.43,--,1,1543,买盘
1654,09:30:39,15.43,--,82,126526,卖盘
1655,09:30:27,15.43,--,4,6172,卖盘
1656,09:30:24,15.43,--,7,10801,卖盘
1657,09:30:18,15.43,--,6,9258,卖盘
1658,09:30:15,15.43,-0.07,39,60177,卖盘
1659,09:30:12,15.5,0.07,17,26350,买盘
1660,09:30:09,15.43,-0.07,27,41661,卖盘
1661,09:30:06,15.5,--,14,21700,买盘
1662,09:30:03,15.5,-0.01,16,24800,卖盘
1663,09:30:00,15.51,--,1,1551,买盘
1664,09:25:03,15.51,15.51,62,96162,买盘
